stnId,stnNm,tm,avgTa,minTa,minTaHrmt,maxTa,maxTaHrmt,mi10MaxRn,mi10MaxRnHrmt,hr1MaxRn,hr1MaxRnHrmt,sumRnDur,sumRn,maxInsWs,maxInsWsWd,maxInsWsHrmt,maxWs,maxWsWd,maxWsHrmt,avgWs,hr24SumRws,maxWd,avgTd,minRhm,minRhmHrmt,avgRhm,avgPv,avgPa,maxPs,maxPsHrmt,minPs,minPsHrmt,avgPs,ssDur,sumSsHr,hr1MaxIcsrHrmt,hr1MaxIcsr,sumGsr,ddMefs,ddMefsHrmt,ddMes,ddMesHrmt,sumDpthFhsc,avgTca,avgLmac,avgTs,minTg,avgCm5Te,avgCm10Te,avgCm20Te,avgCm30Te,avgM05Te,avgM10Te,avgM15Te,avgM30Te,avgM50Te,sumLrgEv,sumSmlEv,n99Rn,iscs,sumFogDur
243,부안,2023-01-01,0.4,-3.5,0740,5.7,1419,,,,,,,5.4,320,1435,2.5,50,1148,0.6,528,320,-4.6,44,1424,70.9,4.4,1029.7,1033.4,2314,1029.8,1458,1031.3,9.8,7.2,,,,,,,,,,0.0,1.4,-5.8,,,,,,,,,,,,,,
243,부안,2023-01-02,-1.7,-5.3,2400,2.1,1413,,,,,,,6.6,320,1532,2.9,290,1616,1.0,821,320,-7.5,41,1254,66.0,3.5,1031.3,1034.7,0958,1031.2,1510,1032.9,9.8,8.0,,,,,,,,,4.3,0.3,-0.1,-8.3,,,,,,,,,,,,,,
243,부안,2023-01-03,-2.3,-7.4,0703,3.3,1504,,,,,,,4.3,320,1532,2.3,320,1528,0.8,711,50,-7.0,48,1122,71.5,3.6,1029.6,1032.6,1011,1029.5,1549,1031.2,9.8,8.0,,,,,,,,,1.9,0.1,-1.0,-9.2,,,,,,,,,,,,,,
243,부안,2023-01-04,-0.5,-5.7,0223,5.6,1417,,,,,,,3.4,320,1456,2.0,290,1516,0.5,396,140,-4.4,59,1138,75.6,4.5,1029.5,1032.0,1000,1030.1,1626,1031.1,9.8,4.4,,,,,,,,,2.6,1.4,0.3,-9.9,,,,,,,,,,,,,,
243,부안,2023-01-05,1.7,-2.6,0157,7.2,1453,,,,,,,2.8,50,1447,1.8,50,1501,0.5,427,50,-1.7,50,1257,79.0,5.4,1029.0,1032.3,0952,1029.2,1336,1030.5,9.8,6.7,,,,,,,,,6.6,1.5,1.9,-6.9,,,,,,,,,,,,,,
243,부안,2023-01-06,2.7,-2.6,0532,7.5,1542,,,,,,2.4,8.1,290,2320,4.3,270,2323,0.9,804,90,0.3,66,1334,85.6,6.3,1021.1,1029.7,0015,1016.2,2254,1022.6,9.8,3.2,,,,,,,,,5.5,1.6,3.0,-5.9,,,,,,,,,,,,,,
243,부안,2023-01-07,3.9,-1.4,2354,7.8,1353,,,,,,,8.6,290,0412,4.3,290,0459,2.0,1706,290,-1.6,48,1403,68.5,5.4,1019.8,1024.9,2313,1017.0,0001,1021.3,9.9,4.9,,,,,,,,,3.1,1.5,3.8,-5.0,,,,,,,,,,,,,,
243,부안,2023-01-08,2.5,-2.6,0746,8.1,1441,,,,,,,3.3,160,1305,2.0,110,0908,0.6,530,140,-1.3,52,1340,77.1,5.6,1023.4,1027.2,0818,1023.6,2357,1024.9,9.9,7.5,,,,,,,,,0.1,0.0,2.4,-6.8,,,,,,,,,,,,,,
243,부안,2023-01-09,4.6,-1.4,2251,10.5,1055,,,,,,,8.3,270,1654,3.9,290,1544,1.3,1107,270,1.1,62,1644,77.8,6.8,1023.2,1028.7,2354,1022.1,0550,1024.7,9.9,2.5,,,,,,,,,4.6,3.8,3.5,-6.3,,,,,,,,,,,,,,
243,부안,2023-01-10,0.6,-5.1,0742,6.6,1441,,,,,,,4.5,320,1450,2.4,290,1456,0.5,456,320,-3.8,45,1538,73.9,4.6,1027.1,1030.6,0958,1027.4,2350,1028.6,9.9,7.4,,,,,,,,,2.6,0.0,1.9,,,,,,,,,,,,,,,
243,부안,2023-01-11,2.2,-3.4,0730,10.3,1501,,,,,,,3.2,50,1220,1.9,50,1219,0.4,334,20,-1.8,39,1610,76.6,5.4,1024.6,1028.2,0945,1024.1,2248,1026.1,9.9,8.1,,,,,,,,,0.1,0.0,2.8,,,,,,,,,,,,,,,
243,부안,2023-01-12,7.8,-1.8,0737,16.3,1521,,,,,,0.3,3.1,110,1505,1.8,90,1305,0.7,613,90,1.4,37,1318,66.1,7.1,1019.8,1024.6,0646,1016.2,2359,1021.3,10.0,6.8,,,,,,,,,1.9,1.5,5.1,,,,,,,,,,,,,,,
243,부안,2023-01-13,11.9,8.5,2332,15.3,0710,,,,,,27.8,7.6,250,1027,4.8,180,0520,1.9,1600,180,11.4,91,0001,97.5,13.7,1009.8,1016.3,0021,1009.1,1339,1011.3,10.0,0.0,,,,,,,,,,,10.9,8.2,,,,,,,,,,,,,,
243,부안,2023-01-14,6.1,4.6,2104,8.6,0001,,,,,,,7.9,270,1617,4.5,290,1621,2.2,1897,290,5.5,90,1922,96.4,9.1,1012.7,1017.4,2055,1011.1,0459,1014.2,10.0,0.0,,,,,,,,,8.6,8.6,7.2,4.4,,,,,,,,,,,,,,
243,부안,2023-01-15,1.4,-0.2,2304,5.0,0001,,,,,,0.8,7.5,290,0615,3.9,290,0610,2.3,1978,290,-2.5,58,2200,75.6,5.2,1018.5,1022.7,2316,1017.0,0005,1020.0,10.0,0.0,,,,,,,,,9.6,9.6,3.0,-0.6,,,,,,,,,,,,,,
243,부안,2023-01-16,-1.5,-4.0,2245,1.2,1443,,,,,,,8.6,320,1334,4.0,290,1340,1.8,1589,20,-7.9,46,1521,61.9,3.4,1024.3,1027.3,1024,1022.0,0001,1025.9,10.0,5.4,,,,,,,,,4.6,3.6,1.7,-6.8,,,,,,,,,,,,,,
243,부안,2023-01-17,-1.3,-5.5,0741,3.6,1521,,,,,,,5.0,50,1133,2.6,50,1134,0.7,646,70,-7.1,41,1349,65.8,3.6,1025.7,1029.1,0300,1025.5,1542,1027.2,10.0,8.0,,,,,,,,,5.6,1.9,1.2,-7.7,,,,,,,,,,,,,,
243,부안,2023-01-18,0.3,-2.4,0717,5.0,1404,,,,,,,3.4,50,1346,1.9,110,1031,0.7,588,110,-3.2,57,1428,77.6,4.8,1024.9,1027.9,0928,1025.2,1413,1026.4,10.1,5.8,,,,,,,,,3.9,2.9,1.5,-6.3,,,,,,,,,,,,,,
243,부안,2023-01-19,2.1,-3.8,0443,7.2,1440,,,,,,,6.6,250,1321,4.2,270,1322,1.2,1066,180,-2.9,36,1446,72.1,5.0,1022.9,1026.8,0210,1022.5,1659,1024.4,10.1,5.9,,,,,,,,,5.3,4.1,2.3,-7.3,,,,,,,,,,,,,,
243,부안,2023-01-20,1.0,-3.9,2347,5.9,0217,,,,,,0.0,10.8,320,1025,4.7,320,1208,2.1,1834,290,-7.0,42,1328,55.5,3.8,1026.9,1032.1,2251,1022.5,0138,1028.5,10.1,6.0,,,,,,,,,4.3,1.4,2.1,-7.2,,,,,,,,,,,,,,
243,부안,2023-01-21,-2.1,-7.1,0744,3.3,1507,,,,,,,5.0,140,1033,2.5,140,1112,0.7,610,20,-7.4,42,1502,68.4,3.5,1028.7,1032.5,1042,1027.5,2400,1030.2,10.1,8.4,,,,,,,,,3.3,0.5,0.1,-10.2,,,,,,,,,,,,,,
243,부안,2023-01-22,0.8,-3.3,0222,5.4,1535,,,,,,,4.0,90,1039,2.0,70,1027,0.6,526,50,-4.5,35,1543,69.4,4.4,1024.0,1028.8,0350,1022.9,1657,1025.6,10.2,0.0,,,,,,,,,9.0,1.9,0.7,-6.4,,,,,,,,,,,,,,
243,부안,2023-01-23,1.6,-2.6,0552,8.0,1231,,,,,,,10.0,320,2317,4.5,320,2324,1.6,1407,320,-3.4,51,1300,70.3,4.8,1022.2,1027.1,2344,1020.4,0612,1023.7,10.2,6.2,,,,,,,,,5.6,1.9,2.4,-6.5,,,,,,,,,,,,,,
243,부안,2023-01-24,-8.0,-10.5,2400,-1.2,0001,,,,,,2.6,15.1,320,0529,6.1,320,0535,3.1,2701,20,-12.5,48,0116,70.8,2.4,1027.9,1033.2,2308,1026.4,0228,1029.5,10.2,1.2,,,,,,,,,8.3,6.8,-0.9,-9.0,,,,,,,,,,,,,,
243,부안,2023-01-25,-9.9,-15.3,0744,-3.9,1628,,,,,,,4.9,140,1245,2.9,110,1252,1.1,908,70,-16.0,33,1550,62.4,1.8,1029.4,1035.0,1129,1026.4,2125,1031.1,10.3,8.9,,,,,,,,,3.1,0.0,-0.6,-17.0,,,,,,,,,,,,,,
243,부안,2023-01-26,-1.7,-10.6,0011,1.8,1434,,,,,,0.4,5.7,180,1052,3.8,180,1052,1.4,1216,140,-5.0,63,0419,78.1,4.4,1022.0,1027.5,0031,1021.2,1326,1023.6,10.3,0.0,,,,,,,,,9.4,8.9,-0.2,-16.2,,,,,,,,,,,,,,
243,부안,2023-01-27,-3.2,-6.1,0559,-0.4,1359,,,,,,0.1,10.8,290,1521,5.2,320,1048,1.9,1649,340,-8.8,44,1323,67.3,3.2,1022.1,1025.4,1045,1021.8,0415,1023.7,10.3,6.1,,,,,,,,,6.3,5.1,0.3,-10.1,,,,,,,,,,,,,,
243,부안,2023-01-28,-3.8,-9.4,0658,-0.2,1248,,,,,,1.0,5.5,50,0019,2.9,180,1255,0.8,728,160,-7.6,36,1129,77.1,3.6,1022.0,1025.1,0628,1022.0,1500,1023.6,10.3,4.6,,,,,,,,,5.1,4.3,-0.8,-12.1,,,,,,,,,,,,,,
243,부안,2023-01-29,0.8,-6.9,0743,6.2,1522,,,,,,0.0,7.7,270,2002,4.5,270,2008,1.5,1326,230,-3.6,45,1322,73.9,4.7,1019.2,1023.0,0226,1017.9,1747,1020.8,10.4,5.8,,,,,,,,,1.8,1.1,1.9,-12.5,,,,,,,,,,,,,,
243,부안,2023-01-30,0.4,-4.5,0739,5.9,1415,,,,,,,6.7,340,1354,3.4,290,1224,1.0,843,290,-7.2,28,1202,60.0,3.6,1022.7,1027.0,1036,1021.6,0001,1024.3,10.4,9.2,,,,,,,,,0.0,0.0,2.1,-7.9,,,,,,,,,,,,,,
243,부안,2023-01-31,3.6,-3.3,0230,10.6,1512,,,,,,,8.5,200,1604,5.1,200,1427,1.6,1381,110,-2.4,42,1032,66.3,5.3,1017.4,1023.8,0001,1015.8,2348,1018.9,10.4,9.1,,,,,,,,,1.3,0.4,1.9,-7.6,,,,,,,,,,,,,,
243,부안,2023-02-01,3.9,-0.7,2359,7.8,1156,,,,,,,10.4,320,1640,4.8,290,1509,1.7,1482,290,-1.4,44,1330,70.0,5.8,1018.8,1025.9,2346,1015.5,0038,1020.3,10.4,6.3,,,,,,,,,6.1,2.8,3.9,-2.9,,,,,,,,,,,,,,
243,부안,2023-02-02,-0.5,-3.7,0713,3.4,1451,,,,,,,6.5,320,1337,3.5,290,1331,1.2,1069,290,-7.4,40,1415,60.4,3.5,1025.7,1029.8,1119,1025.4,1536,1027.2,10.5,7.5,,,,,,,,,6.3,0.3,1.5,-6.7,,,,,,,,,,,,,,
243,부안,2023-02-03,-0.3,-3.2,2354,3.4,1331,,,,,,,7.7,290,1226,3.9,290,1229,1.1,986,290,-7.2,39,1513,60.6,3.6,1022.8,1025.9,1105,1022.8,1550,1024.3,10.5,7.1,,,,,,,,,4.5,1.8,1.5,-7.7,,,,,,,,,,,,,,
243,부안,2023-02-04,-0.2,-5.6,0653,7.1,1511,,,,,,,6.1,340,1532,2.7,290,1451,0.6,543,290,-5.0,42,1305,72.9,4.2,1024.3,1027.2,1048,1024.8,0001,1025.8,10.5,9.3,,,,,,,,,0.9,0.1,1.6,-9.5,,,,,,,,,,,,,,
243,부안,2023-02-05,0.7,-4.9,0611,8.8,1526,,,,,,,4.5,340,1648,2.3,320,1550,0.7,570,140,-4.9,29,1447,69.4,4.3,1023.8,1027.5,1049,1023.6,1632,1025.4,10.6,9.4,,,,,,,,,0.0,0.0,2.1,-9.2,,,,,,,,,,,,,,
243,부안,2023-02-06,2.4,-4.8,0527,11.1,1450,,,,,,,4.7,320,1639,2.7,320,1639,0.8,671,50,-4.8,16,1500,65.8,4.4,1020.3,1024.5,0323,1019.2,1701,1021.8,10.6,5.8,,,,,,,,,5.1,0.0,2.9,-8.9,,,,,,,,,,,,,,
243,부안,2023-02-07,3.1,-1.8,0347,9.5,1246,,,,,,,6.8,320,1408,3.8,290,1349,1.5,1273,290,-0.9,44,1224,76.6,5.8,1019.6,1023.2,2320,1019.8,0216,1021.1,10.6,8.1,,,,,,,,,3.5,0.0,3.0,-6.5,,,,,,,,,,,,,,
243,부안,2023-02-08,1.6,-2.8,0731,7.9,1321,,,,,,,7.1,270,1557,4.0,290,1505,1.3,1138,290,-2.0,37,1350,78.4,5.3,1025.7,1029.6,2340,1023.0,0001,1027.2,10.7,8.7,,,,,,,,,5.1,0.0,3.2,-7.8,,,,,,,,,,,,,,
243,부안,2023-02-09,4.5,-3.8,0712,11.6,1443,,,,,,0.2,4.9,50,1453,3.2,50,1500,1.1,926,50,-2.9,29,1615,62.3,5.0,1023.9,1029.5,0001,1021.6,2347,1025.4,10.7,4.3,,,,,,,,,7.6,0.5,3.9,-7.9,,,,,,,,,,,,,,
243,부안,2023-02-10,4.4,1.2,2359,8.6,1438,,,,,,2.2,7.6,250,1511,4.3,270,1520,1.8,1593,290,2.7,67,1241,89.3,7.4,1019.2,1023.5,2145,1018.2,0551,1020.7,10.7,5.0,,,,,,,,,6.3,,6.3,-3.0,,,,,,,,,,,,,,
243,부안,2023-02-11,1.9,-1.9,0256,8.2,1540,,,,,,,3.9,20,0516,2.1,50,0340,0.8,650,110,0.0,56,1559,89.0,6.2,1022.0,1025.2,0920,1021.0,0513,1023.6,10.8,1.1,,,,,,,,,6.3,3.4,1.9,-5.2,,,,,,,,,,,,,,
243,부안,2023-02-12,3.3,-2.6,0718,7.6,1714,,,,,,,4.7,50,1119,3.2,50,1119,0.7,624,70,0.1,61,1710,81.3,6.2,1019.0,1024.7,0311,1016.0,2400,1020.6,10.8,0.3,,,,,,,,,7.1,2.3,2.2,-6.7,,,,,,,,,,,,,,
243,부안,2023-02-13,5.8,3.7,0742,11.0,1339,,,,,,,7.3,290,1745,4.7,270,1425,1.8,1593,290,1.9,60,1343,77.1,7.1,1016.3,1020.5,2241,1014.6,0041,1017.8,10.8,3.8,,,,,,,,,7.5,3.3,7.3,1.8,,,,,,,,,,,,,,
243,부안,2023-02-14,1.8,-2.1,2315,5.3,1434,,,,,,,8.4,270,1615,4.5,290,1314,2.1,1815,290,-3.8,46,1225,67.1,4.6,1021.6,1025.5,2252,1020.3,0001,1023.1,10.9,8.9,,,,,,,,,1.6,0.1,3.6,-6.5,,,,,,,,,,,,,,
243,부안,2023-02-15,1.9,-3.1,0313,6.7,1238,,,,,,,4.5,290,1700,2.8,320,1504,0.8,709,290,-3.1,50,1243,70.5,4.9,1027.0,1031.7,2226,1025.0,0001,1028.6,10.9,1.4,,,,,,,,,6.4,4.9,3.4,-6.7,,,,,,,,,,,,,,
243,부안,2023-02-16,3.0,-1.7,2342,7.1,1453,,,,,,,6.5,320,1418,3.7,290,1422,0.9,775,290,-1.2,53,1544,74.6,5.6,1029.4,1032.6,1047,1029.5,2353,1031.0,10.9,3.7,,,,,,,,,5.4,4.9,6.1,-6.0,,,,,,,,,,,,,,
243,부안,2023-02-17,3.3,-1.6,0009,6.7,1417,,,,,,,2.9,50,0315,2.0,110,1314,0.6,537,50,-1.9,41,1425,70.4,5.3,1025.9,1030.4,0209,1024.4,2250,1027.4,11.0,0.1,,,,,,,,,9.1,8.3,4.3,-5.9,,,,,,,,,,,,,,
243,부안,2023-02-18,6.6,4.4,2357,9.4,1605,,,,,,0.6,3.8,360,1924,2.3,320,1930,0.5,456,320,0.9,50,1137,68.8,6.6,1018.5,1024.4,0001,1017.6,2400,1020.0,11.0,0.0,,,,,,,,,9.5,8.1,6.5,4.3,,,,,,,,,,,,,,
243,부안,2023-02-19,3.3,-2.1,2353,6.4,0757,,,,,,1.4,11.1,290,1400,5.6,290,1423,2.2,1929,290,-0.8,48,1554,76.1,6.0,1020.0,1025.3,2340,1017.3,0101,1021.5,11.0,5.7,,,,,,,,,4.5,2.9,6.2,-6.9,,,,,,,,,,,,,,
243,부안,2023-02-20,0.5,-3.2,0658,6.2,1032,,,,,,,12.4,290,1439,5.2,290,1527,1.7,1483,320,-6.9,34,1426,60.4,3.7,1026.4,1032.1,2353,1024.7,0433,1028.0,11.1,9.8,,,,,,,,,1.9,0.4,3.3,-7.3,,,,,,,,,,,,,,
243,부안,2023-02-21,-0.9,-5.2,0701,3.5,1339,,,,,,,6.7,290,1632,3.8,290,1620,1.4,1196,290,-8.7,28,1249,57.6,3.2,1033.2,1037.0,1036,1032.0,0001,1034.8,11.1,10.2,,,,,,,,,2.5,0.0,2.2,-10.5,,,,,,,,,,,,,,
243,부안,2023-02-22,1.2,-5.1,0704,7.4,1432,,,,,,0.1,5.9,270,1504,3.2,290,1505,1.2,1022,290,-4.4,38,1209,68.4,4.5,1028.9,1034.8,0001,1027.2,2032,1030.5,11.1,6.9,,,,,,,,,5.6,4.1,4.8,-9.2,,,,,,,,,,,,,,
243,부안,2023-02-23,2.9,-2.3,0717,9.0,1339,,,,,,0.3,6.5,290,1620,3.9,290,1716,1.2,1040,290,-0.9,41,1314,78.3,5.8,1023.2,1027.6,0001,1022.7,1553,1024.7,11.2,8.5,,,,,,,,,6.3,1.3,6.3,-8.4,,,,,,,,,,,,,,
243,부안,2023-02-24,3.8,0.0,0527,9.0,1437,,,,,,,10.2,290,1538,4.5,290,1519,1.5,1333,290,-1.9,47,1704,67.4,5.4,1024.1,1029.3,2326,1022.6,0005,1025.6,11.2,8.5,,,,,,,,,3.4,1.5,6.1,-4.3,,,,,,,,,,,,,,
243,부안,2023-02-25,1.0,-3.3,0713,4.8,1212,,,,,,,11.2,320,1617,5.4,290,1617,1.8,1547,290,-6.7,42,1729,56.9,3.7,1031.5,1036.5,2344,1029.2,0001,1033.1,11.3,10.0,,,,,,,,,1.1,0.3,4.2,-8.7,,,,,,,,,,,,,,
243,부안,2023-02-26,0.9,-5.6,0513,7.8,1318,,,,,,,6.8,250,1426,3.8,270,1430,1.0,852,290,-6.9,24,1225,60.0,3.7,1035.7,1038.9,0852,1036.1,1522,1037.3,11.3,10.2,,,,,,,,,2.3,0.0,4.1,-10.5,,,,,,,,,,,,,,
243,부안,2023-02-27,2.4,-4.9,0619,11.4,1340,,,,,,,7.6,270,1530,4.2,290,1537,0.9,783,290,-3.6,31,1305,68.8,4.8,1033.0,1037.2,0842,1032.0,2355,1034.6,11.3,10.2,,,,,,,,,1.0,0.0,5.7,-10.0,,,,,,,,,,,,,,
243,부안,2023-02-28,6.0,-4.0,0658,14.8,1413,,,,,,,9.6,290,1524,5.5,290,1454,1.4,1173,200,0.7,40,1345,70.9,6.6,1026.0,1032.0,0001,1024.4,1643,1027.6,11.4,10.2,,,,,,,,,2.6,1.5,7.8,-9.9,,,,,,,,,,,,,,
243,부안,2023-03-01,6.5,2.0,2245,10.6,1302,,,,,,,9.7,340,1446,5.1,290,1449,1.7,1435,290,1.8,55,1303,73.0,7.1,1021.7,1025.9,2257,1021.5,1355,1023.2,11.4,4.6,,,,,,,,,4.9,4.6,8.7,-4.6,,,,,,,,,,,,,,
243,부안,2023-03-02,2.8,-1.8,2324,6.0,1344,,,,,,,11.8,290,1151,5.0,290,1326,2.1,1785,290,-8.4,25,0952,45.5,3.3,1027.5,1030.7,2229,1025.9,0001,1029.0,11.4,10.2,,,,,,,,,1.1,0.0,6.6,-8.0,,,,,,,,,,,,,,
243,부안,2023-03-03,3.3,-4.6,0629,11.4,1407,,,,,,,5.7,320,1456,3.6,290,1503,0.8,725,290,-4.0,25,1446,62.0,4.6,1027.2,1030.4,0001,1026.8,1418,1028.8,11.5,9.7,,,,,,,,,3.0,0.0,6.8,-9.4,,,,,,,,,,,,,,
243,부안,2023-03-04,5.7,-0.7,0616,14.4,1401,,,,,,,6.7,290,1503,3.5,290,1456,1.1,942,290,-0.6,22,1417,68.0,5.9,1027.2,1030.0,0949,1027.4,1609,1028.7,11.5,9.0,,,,,,,,,4.4,0.0,9.3,-4.8,,,,,,,,,,,,,,
243,부안,2023-03-05,6.1,-1.0,0622,16.2,1316,,,,,,,7.0,320,1601,3.9,290,1518,1.0,844,290,-1.8,26,1256,59.9,5.4,1025.9,1029.9,0900,1025.3,1739,1027.4,11.5,9.8,,,,,,,,,2.5,0.0,8.4,-5.6,,,,,,,,,,,,,,
243,부안,2023-03-06,8.3,-0.6,0628,17.0,1342,,,,,,,7.0,290,1539,3.9,270,1515,1.0,860,270,-0.8,18,1445,56.8,5.8,1022.3,1026.2,0853,1021.6,1755,1023.8,11.6,10.0,,,,,,,,,2.0,0.0,10.6,-6.5,,,,,,,,,,,,,,
243,부안,2023-03-07,13.8,5.3,0147,21.6,1315,,,,,,,9.8,270,1408,5.1,200,1143,2.4,2106,140,2.1,19,1312,48.9,7.2,1019.4,1022.4,0022,1019.4,1508,1020.9,11.6,9.3,,,,,,,,,2.1,0.4,13.8,0.6,,,,,,,,,,,,,,
243,부안,2023-03-08,14.9,8.3,0450,21.1,1408,,,,,,,9.8,200,1521,5.9,180,1058,2.9,2491,160,4.8,24,1343,52.9,8.7,1017.7,1021.7,0826,1016.7,2359,1019.2,11.7,9.5,,,,,,,,,5.1,1.4,15.7,1.9,,,,,,,,,,,,,,
243,부안,2023-03-09,11.4,6.2,2109,17.6,1100,,,,,,,9.5,180,0223,6.0,180,0229,2.7,2340,320,8.1,63,0012,81.4,10.8,1014.8,1019.0,2303,1013.9,0407,1016.3,11.7,6.7,,,,,,,,,6.9,3.8,15.6,6.5,,,,,,,,,,,,,,
243,부안,2023-03-10,13.7,3.7,0722,23.8,1528,,,,,,,6.1,200,1223,4.1,180,1213,1.3,1088,160,3.7,24,1229,59.6,8.0,1017.7,1020.5,2309,1017.7,1447,1019.2,11.7,9.5,,,,,,,,,4.1,2.5,15.9,4.3,,,,,,,,,,,,,,
243,부안,2023-03-11,16.3,9.3,2319,24.9,1357,,,,,,,6.3,160,1139,4.0,200,1238,1.7,1470,200,0.6,11,1358,41.3,6.7,1020.3,1023.1,0856,1020.5,0001,1021.8,11.8,8.0,,,,,,,,,5.6,0.0,16.8,2.9,,,,,,,,,,,,,,
243,부안,2023-03-12,6.6,2.7,2223,10.6,0657,,,,,,8.7,11.7,290,2306,5.9,290,2235,2.6,2225,290,1.9,39,2338,74.0,7.5,1020.9,1026.5,2215,1018.5,0655,1022.4,11.8,0.6,,,,,,,,,7.8,5.6,6.6,1.2,,,,,,,,,,,,,,
243,부안,2023-03-13,4.0,-0.9,0647,8.3,1542,,,,,,,10.6,320,0028,4.5,320,0108,1.6,1344,270,-7.0,25,1332,46.3,3.7,1022.3,1026.8,0732,1020.6,1843,1023.8,11.8,10.1,,,,,,,,,2.5,1.1,5.3,-4.7,,,,,,,,,,,,,,
243,부안,2023-03-14,10.1,1.1,0714,18.3,1437,,,,,,,9.9,180,1112,5.8,180,1112,2.8,2387,180,-2.4,21,1102,44.9,5.3,1017.2,1021.0,0009,1016.3,1621,1018.7,11.9,10.2,,,,,,,,,2.3,0.8,11.6,-3.7,,,,,,,,,,,,,,
243,부안,2023-03-15,11.9,6.1,2355,21.0,1249,,,,,,,12.9,290,1535,7.6,290,1537,3.3,2874,290,4.9,38,1250,64.4,8.8,1019.8,1026.5,2357,1018.3,0001,1021.2,11.9,6.8,,,,,,,,,5.0,2.9,13.8,3.1,,,,,,,,,,,,,,
243,부안,2023-03-16,6.2,0.9,0637,12.3,1330,,,,,,,9.3,340,1506,5.1,50,1128,2.1,1780,320,-6.2,16,1321,43.0,3.9,1027.1,1030.7,0920,1026.2,0006,1028.6,12.0,6.9,,,,,,,,,5.9,0.9,9.8,-4.1,,,,,,,,,,,,,,
243,부안,2023-03-17,7.2,3.3,0528,11.2,1425,,,,,,,5.7,50,0919,3.2,50,0926,1.5,1301,20,-2.8,30,1457,50.9,5.1,1021.7,1027.9,0040,1020.1,2400,1023.2,12.0,0.0,,,,,,,,,9.1,5.0,10.0,0.9,,,,,,,,,,,,,,
243,부안,2023-03-18,7.4,3.3,2355,11.8,1239,,,,,,,10.6,290,1627,5.7,290,1654,2.4,2045,290,-0.1,34,1240,60.5,6.1,1018.9,1022.1,2210,1019.0,1550,1020.4,12.0,7.5,,,,,,,,,4.3,3.5,12.1,-1.6,,,,,,,,,,,,,,
243,부안,2023-03-19,6.8,0.9,0627,14.4,1458,,,,,,,6.5,320,1642,3.7,290,1735,1.2,998,320,1.3,34,1250,70.3,6.7,1019.2,1023.8,0936,1018.6,1707,1020.7,12.1,10.2,,,,,,,,,3.0,0.8,12.6,-3.6,,,,,,,,,,,,,,
243,부안,2023-03-20,7.3,-0.1,0638,16.9,1244,,,,,,,7.9,320,1426,4.5,290,1335,1.1,948,320,0.7,22,1245,66.5,6.5,1014.7,1019.1,0001,1014.0,1920,1016.2,12.1,8.6,,,,,,,,,4.8,0.0,12.0,-4.0,,,,,,,,,,,,,,
243,부안,2023-03-21,11.5,4.2,0628,22.3,1422,,,,,,,7.5,270,1522,4.8,290,1516,1.3,1110,290,0.2,22,1234,49.8,6.2,1010.2,1015.4,0009,1009.0,1604,1011.7,12.2,10.2,,,,,,,,,3.8,0.1,16.4,0.2,,,,,,,,,,,,,,
243,부안,2023-03-22,13.2,5.5,0506,24.1,1302,,,,,,1.0,7.2,270,1426,4.2,320,1352,0.9,802,320,5.0,34,1233,61.0,8.9,1007.9,1011.9,0854,1007.6,1826,1009.4,12.2,6.1,,,,,,,,,6.8,3.0,15.5,2.8,,,,,,,,,,,,,,
243,부안,2023-03-23,10.5,8.1,2335,13.9,1308,,,,,,10.1,9.3,320,1804,5.0,290,1804,2.2,1928,290,7.8,69,1938,84.4,10.7,1005.9,1012.6,2355,1004.7,0457,1007.4,12.2,0.4,,,,,,,,,8.9,6.4,12.5,6.6,,,,,,,,,,,,,,
243,부안,2023-03-24,8.5,6.1,0605,13.2,1231,,,,,,,8.0,290,1407,4.5,320,1341,2.3,2024,290,2.4,48,1011,66.4,7.3,1014.5,1019.8,2352,1012.2,0230,1016.0,12.3,6.5,,,,,,,,,8.0,4.3,10.8,3.8,,,,,,,,,,,,,,
243,부안,2023-03-25,9.0,4.5,0630,13.9,1128,,,,,,,5.7,320,1133,3.5,290,1140,1.3,1161,320,4.2,45,1121,72.9,8.2,1017.3,1020.4,1041,1017.2,1749,1018.8,12.3,2.4,,,,,,,,,7.8,7.8,12.6,1.4,,,,,,,,,,,,,,
243,부안,2023-03-26,8.1,4.0,2316,13.0,1224,,,,,,,11.3,270,1507,5.7,290,1511,2.1,1831,290,0.4,33,1548,61.1,6.5,1017.2,1022.5,2348,1016.7,0349,1018.7,12.3,10.1,,,,,,,,,3.9,1.4,12.7,-1.4,,,,,,,,,,,,,,
243,부안,2023-03-27,6.1,-0.3,0609,13.0,1356,,,,,,,7.5,290,1606,4.0,270,1442,1.2,1036,290,-3.2,19,1303,57.5,5.0,1021.4,1024.5,2210,1021.1,0311,1022.9,12.4,10.3,,,,,,,,,1.9,0.0,11.5,-5.1,,,,,,,,,,,,,,
243,부안,2023-03-28,7.8,1.3,0608,15.8,1422,,,,,,,8.1,270,1711,4.4,270,1720,0.9,788,290,-0.3,24,1318,61.3,6.0,1022.9,1026.5,1033,1023.0,1704,1024.4,12.4,6.1,,,,,,,,,2.5,0.3,9.8,-3.1,,,,,,,,,,,,,,
243,부안,2023-03-29,9.0,1.0,0622,20.5,1356,,,,,,,6.6,360,1622,4.2,320,1615,1.2,1001,290,3.3,18,1330,70.9,7.8,1021.1,1024.5,0858,1020.4,1833,1022.6,12.5,10.2,,,,,,,,,2.1,0.1,13.6,-3.2,,,,,,,,,,,,,,
243,부안,2023-03-30,11.4,2.0,0634,21.0,1333,,,,,,,7.1,270,1511,4.2,290,1506,1.4,1229,290,0.7,25,1216,53.5,6.5,1018.2,1022.0,0052,1017.6,1602,1019.6,12.5,8.5,,,,,,,,,6.3,0.0,15.9,-1.8,,,,,,,,,,,,,,
243,부안,2023-03-31,11.5,3.2,0603,21.3,1218,,,,,,,8.3,290,1752,4.5,290,1530,1.6,1345,270,-0.1,16,1122,49.1,6.1,1017.1,1020.7,0936,1016.8,1719,1018.6,12.5,10.3,,,,,,,,,1.8,0.0,16.3,-2.0,,,,,,,,,,,,,,
243,부안,2023-04-01,13.5,4.5,0417,24.6,1257,,,,,,,8.2,320,1505,4.6,290,1553,1.2,1076,290,1.3,17,1202,47.8,6.8,1014.4,1018.0,0045,1013.7,1633,1015.9,12.6,10.4,,,,,,,,,2.4,0.8,18.3,0.2,,,,,,,,,,,,,,
243,부안,2023-04-02,16.0,5.7,0643,25.4,1543,,,,,,,7.0,50,1347,4.1,140,1731,1.6,1410,50,-0.4,12,1455,41.1,6.1,1016.5,1020.7,2326,1015.7,1554,1018.0,12.6,10.6,,,,,,,,,0.5,0.0,20.6,1.1,,,,,,,,,,,,,,
243,부안,2023-04-03,15.5,5.7,0616,25.7,1602,,,,,,,10.6,160,1240,5.5,140,1243,1.6,1364,90,1.2,15,1254,42.3,6.7,1019.6,1023.1,0853,1018.9,1617,1021.1,12.6,10.3,,,,,,,,,4.0,0.0,19.2,0.7,,,,,,,,,,,,,,
243,부안,2023-04-04,15.9,10.1,0604,22.2,1348,1.0,1930,4.0,2138,,13.3,11.5,180,2357,7.1,160,1505,2.7,2322,160,8.3,35,0929,63.6,11.2,1016.2,1021.4,0019,1013.2,2352,1017.7,12.7,2.0,,,,,,,,,9.4,2.6,17.9,4.9,,,,,,,,,,,,,,
243,부안,2023-04-05,13.9,9.6,2311,17.5,1054,1.0,928,4.1,904,,19.2,14.8,180,0422,9.0,160,0424,4.1,3507,180,11.6,77,0002,86.6,13.9,1008.2,1013.2,0001,1007.7,1036,1009.6,12.7,0.0,,,,,,,,,9.8,8.6,14.1,9.0,,,,,,,,,,,,,,
243,부안,2023-04-06,9.5,7.3,2358,11.2,1503,0.5,2025,2.1,2208,,6.0,7.1,270,1111,4.2,270,1119,1.8,1594,270,8.0,80,1514,90.8,10.7,1011.1,1014.9,2346,1011.2,0415,1012.6,12.7,0.0,,,,,,,,,9.5,8.6,11.3,6.9,,,,,,,,,,,,,,
243,부안,2023-04-07,8.0,4.6,0553,11.9,1347,,,,,,,8.0,270,1727,4.6,290,1630,1.7,1453,270,4.2,57,2057,78.5,8.5,1015.4,1020.6,2305,1014.4,0025,1016.9,12.8,0.9,,,,,,,,,4.9,4.4,10.8,0.2,,,,,,,,,,,,,,
243,부안,2023-04-08,8.2,1.4,0445,14.3,1523,,,,,,,9.6,250,1045,5.7,270,1047,1.7,1433,270,2.0,38,1424,67.1,7.1,1019.8,1022.8,1009,1019.9,0552,1021.3,12.8,10.5,,,,,,,,,0.6,0.1,11.5,-2.6,,,,,,,,,,,,,,
243,부안,2023-04-09,9.8,3.5,0622,17.4,1330,,,,,,,8.5,270,1130,5.4,270,1157,1.6,1367,270,-0.8,15,1243,55.3,6.0,1018.9,1022.7,0059,1018.3,1921,1020.4,12.9,10.9,,,,,,,,,0.6,0.0,13.8,-1.7,,,,,,,,,,,,,,
243,부안,2023-04-10,13.7,4.4,0132,21.1,1502,,,,,,,9.0,200,0958,6.0,200,1051,2.6,2227,200,2.5,32,1413,48.3,7.4,1014.5,1019.0,0225,1013.1,1930,1016.0,12.9,10.4,,,,,,,,,2.1,0.0,16.3,-0.9,,,,,,,,,,,,,,
243,부안,2023-04-11,14.9,10.1,2400,21.5,1136,0.4,1403,0.5,1359,,0.5,12.2,200,1328,8.0,200,1301,3.6,3097,180,10.5,53,0002,75.9,12.8,1011.2,1016.4,2353,1009.6,1528,1012.7,12.9,2.0,,,,,,,,,7.3,4.4,14.6,7.5,,,,,,,,,,,,,,
243,부안,2023-04-12,10.1,4.7,2326,15.9,1137,,,,,,,8.4,290,1141,4.3,290,1245,1.5,1284,290,-4.1,12,1441,44.1,4.9,1017.6,1021.5,2359,1016.4,0001,1019.1,13.0,10.8,,,,,,,,,1.0,0.0,16.0,-0.3,,,,,,,,,,,,,,
243,부안,2023-04-13,11.9,3.7,0200,20.0,1239,,,,,,,6.1,320,1446,3.8,290,1351,1.2,1003,320,-1.0,19,1231,43.6,5.8,1016.1,1021.5,0001,1015.1,1550,1017.6,13.0,10.3,,,,,,,,,1.1,0.1,16.3,-1.3,,,,,,,,,,,,,,
243,부안,2023-04-14,13.3,5.2,0549,19.1,1546,0.4,2341,1.5,2328,,1.0,5.4,110,1837,3.1,140,1831,1.1,952,140,6.7,35,1217,66.9,10.2,1011.4,1016.5,0740,1009.3,2329,1012.8,13.0,0.0,,,,,,,,,7.9,2.9,13.4,0.2,,,,,,,,,,,,,,
243,부안,2023-04-15,12.0,7.2,2343,16.8,1510,2.7,1155,4.6,1118,,5.4,7.4,290,1539,4.2,290,1539,1.4,1207,290,10.1,69,1503,89.1,12.5,1004.3,1009.3,0001,1004.0,1627,1005.7,13.1,3.2,,,,,,,,,7.0,6.1,16.7,2.9,,,,,,,,,,,,,,
243,부안,2023-04-16,10.8,6.2,0040,15.8,1141,,,,,,,9.0,320,1538,5.4,290,1542,1.7,1498,290,7.3,54,1134,80.8,10.2,1005.0,1012.6,2353,1003.6,0600,1006.5,13.1,8.4,,,,,,,,,4.9,2.5,15.2,3.1,,,,,,,,,,,,,,
243,부안,2023-04-17,14.1,5.3,0506,21.4,1502,,,,,,,6.3,270,1610,3.4,290,1517,1.3,1103,160,4.7,27,1350,58.4,8.6,1013.6,1017.7,1030,1012.5,0002,1015.0,13.2,10.3,,,,,,,,,3.8,2.4,18.9,0.6,,,,,,,,,,,,,,
243,부안,2023-04-18,17.1,14.9,2035,20.0,1002,0.3,624,0.5,534,,0.6,12.0,180,0834,7.6,180,0815,2.5,2141,160,13.9,39,0018,82.6,16.1,1009.1,1014.1,0001,1008.7,0756,1010.5,13.2,0.0,,,,,,,,,8.8,7.0,17.2,13.8,,,,,,,,,,,,,,
243,부안,2023-04-19,18.4,14.0,0416,25.0,1422,,,,,,,6.5,200,1605,4.1,200,1614,1.6,1378,50,15.2,60,1357,82.9,17.3,1007.9,1011.5,0005,1006.8,1508,1009.3,13.2,1.7,,,,,,,,,5.9,5.5,20.8,12.5,,,,,,,,,,,,,,
243,부안,2023-04-20,16.6,13.2,0549,23.8,1140,,,,,,,7.7,320,1627,4.2,290,1642,1.6,1405,290,14.1,62,1426,86.4,16.1,1008.9,1012.1,2201,1008.0,1556,1010.3,13.3,10.4,,,,,,,,,3.9,2.0,23.7,9.7,,,,,,,,,,,,,,
243,부안,2023-04-21,15.4,12.8,0100,19.8,1048,0.1,,0.1,,,0.2,9.3,290,1440,5.1,270,1325,2.3,1998,290,9.5,48,1638,70.6,12.2,1010.2,1013.8,2356,1010.3,0245,1011.7,13.3,8.4,,,,,,,,,4.6,3.0,21.9,11.1,,,,,,,,,,,,,,
243,부안,2023-04-22,16.1,11.9,0058,22.6,1258,,,,,,,8.1,270,1400,4.1,290,1403,1.6,1341,140,3.6,16,1325,46.8,8.1,1016.7,1020.7,2257,1013.8,0001,1018.1,13.3,8.3,,,,,,,,,6.6,4.5,21.8,6.9,,,,,,,,,,,,,,
243,부안,2023-04-23,14.9,11.5,0206,20.8,1402,,,,,,,6.3,290,1639,3.6,270,1418,1.4,1179,50,4.4,22,1221,51.1,8.5,1020.9,1024.1,0917,1020.5,0001,1022.4,13.4,0.2,,,,,,,,,8.8,6.0,18.3,7.3,,,,,,,,,,,,,,
243,부안,2023-04-24,14.4,11.1,2356,18.7,1244,,,,,,,6.9,200,0937,4.3,200,0938,1.4,1224,290,5.2,39,1225,55.6,8.9,1021.5,1024.6,1014,1021.9,1545,1023.0,13.4,2.9,,,,,,,,,8.8,2.9,18.9,7.2,,,,,,,,,,,,,,
243,부안,2023-04-25,10.5,6.8,2354,12.8,0945,0.1,,0.4,1544,,0.5,6.7,50,1208,3.9,70,1009,1.4,1186,50,6.2,48,0935,76.9,9.6,1014.1,1022.0,0001,1012.3,1757,1015.6,13.4,0.0,,,,,,,,,8.4,6.1,12.9,2.5,,,,,,,,,,,,,,
243,부안,2023-04-26,8.7,4.9,2352,12.7,1323,,,,,,,9.4,270,1618,4.8,290,1250,1.9,1629,290,4.6,52,1424,77.1,8.5,1014.6,1019.7,2349,1013.1,0644,1016.1,13.5,5.6,,,,,,,,,5.9,4.3,14.9,0.1,,,,,,,,,,,,,,
243,부안,2023-04-27,10.4,2.4,0533,18.8,1151,,,,,,,8.9,320,1424,4.9,320,1337,1.4,1175,320,5.2,37,1141,72.6,8.9,1019.0,1021.9,0808,1019.4,1854,1020.5,13.5,11.6,,,,,,,,,0.9,0.0,17.7,-2.0,,,,,,,,,,,,,,
243,부안,2023-04-28,16.1,5.4,0410,22.6,1556,0.0,,0.0,,,0.0,7.6,160,1548,4.8,180,1627,1.9,1600,180,9.0,40,0954,65.8,11.7,1014.8,1020.3,0001,1012.5,2347,1016.2,13.5,6.3,,,,,,,,,5.0,3.6,18.4,0.3,,,,,,,,,,,,,,
243,부안,2023-04-29,14.2,10.3,2319,18.7,0937,0.6,1251,1.1,1204,,1.9,9.9,320,2010,5.4,270,1037,2.4,2103,270,11.8,73,1731,86.0,14.2,1007.5,1012.7,0001,1006.9,1310,1009.0,13.6,0.0,,,,,,,,,9.0,8.3,15.0,9.7,,,,,,,,,,,,,,
243,부안,2023-04-30,13.8,6.5,0431,20.5,1343,,,,,,,8.6,290,1324,4.9,270,1326,1.8,1562,180,5.7,28,1304,62.0,9.2,1010.7,1013.5,0932,1011.0,1538,1012.2,13.6,12.0,,,,,,,,,1.6,0.1,19.4,2.1,,,,,,,,,,,,,,
243,부안,2023-05-01,14.4,7.6,0539,21.8,1626,,,,,,,8.2,270,1327,3.8,290,1335,1.3,1136,270,6.2,26,1634,63.4,9.6,1016.5,1021.1,2353,1013.3,0001,1018.0,13.6,12.4,,,,,,,,,1.8,0.1,21.5,1.5,,,,,,,,,,,,,,
243,부안,2023-05-02,17.2,9.1,0137,25.5,1426,,,,,,,7.5,180,1337,3.5,290,1449,1.3,1102,110,6.3,21,1256,53.5,9.7,1020.6,1024.1,1016,1020.7,1813,1022.1,13.7,9.7,,,,,,,,,5.9,0.5,23.0,3.2,,,,,,,,,,,,,,
243,부안,2023-05-03,18.5,11.7,0439,23.9,1210,,,,,,,8.7,160,1213,5.0,180,1240,2.3,2014,180,10.4,39,0913,61.3,12.7,1019.4,1022.9,0744,1018.9,1815,1020.8,13.7,4.2,,,,,,,,,8.9,3.6,22.3,7.7,,,,,,,,,,,,,,
243,부안,2023-05-04,19.5,17.3,0039,22.9,1036,4.4,2006,5.7,1926,,7.7,12.1,160,1325,6.9,140,1330,3.9,3357,140,14.1,55,1039,72.1,16.1,1011.1,1019.4,0001,1007.4,2359,1012.5,13.7,1.7,,,,,,,,,9.4,6.4,23.1,15.4,,,,,,,,,,,,,,
243,부안,2023-05-05,20.1,18.3,0522,21.4,1616,8.5,1821,28.4,1809,,131.8,8.1,160,0049,5.9,180,0056,2.4,2091,160,19.3,82,0055,95.5,22.4,1000.8,1007.3,0001,999.6,2351,1002.2,13.8,0.0,,,,,,,,,9.5,6.4,19.8,17.1,,,,,,,,,,,,,,
243,부안,2023-05-06,16.2,14.0,2346,20.5,0112,0.6,54,1.0,1531,,5.3,9.2,200,0702,6.2,200,0710,2.8,2409,50,15.2,87,2327,94.0,17.4,1001.8,1008.5,2355,997.8,0417,1003.2,13.8,0.0,,,,,,,,,8.8,8.4,17.5,13.2,,,,,,,,,,,,,,
243,부안,2023-05-07,12.5,8.5,2356,16.0,1552,0.6,1104,1.6,1055,,5.0,8.6,50,1924,5.0,70,1928,2.3,2010,50,9.2,55,1710,81.5,11.7,1009.4,1014.7,2358,1008.4,0001,1010.9,13.8,0.5,,,,,,,,,7.1,5.5,14.8,5.4,,,,,,,,,,,,,,
243,부안,2023-05-08,13.0,6.3,0519,20.4,1249,,,,,,,8.2,290,1608,4.4,290,1611,1.3,1105,290,6.4,35,1158,68.6,9.7,1015.4,1018.1,2139,1014.7,0001,1016.9,13.8,12.0,,,,,,,,,4.6,0.0,16.9,2.6,,,,,,,,,,,,,,
243,부안,2023-05-09,14.4,6.9,0547,21.1,1226,,,,,,,6.8,320,1502,3.8,290,1453,1.1,986,320,6.7,29,1310,64.9,9.9,1016.2,1019.8,0933,1015.8,1730,1017.6,13.9,12.4,,,,,,,,,1.0,0.0,17.7,3.4,,,,,,,,,,,,,,
243,부안,2023-05-10,16.5,9.8,0546,23.7,1326,,,,,,,6.5,320,1607,4.1,290,1615,1.3,1121,290,8.9,32,1536,63.6,11.4,1015.6,1018.3,0911,1015.4,1639,1017.0,13.9,11.7,,,,,,,,,4.1,0.3,20.9,6.1,,,,,,,,,,,,,,
243,부안,2023-05-11,16.7,9.8,0526,24.8,1252,,,,,,,7.4,290,1459,4.2,290,1420,1.2,1069,320,8.9,32,1350,63.0,11.4,1016.9,1019.5,2150,1017.0,1621,1018.3,13.9,12.2,,,,,,,,,2.9,0.3,20.5,5.7,,,,,,,,,,,,,,
243,부안,2023-05-12,17.4,11.4,0323,23.7,1302,,,,,,,8.8,290,1516,4.8,270,1524,1.1,971,290,10.6,37,1315,67.1,12.8,1015.7,1019.1,0001,1015.1,1703,1017.1,14.0,2.6,,,,,,,,,9.1,5.4,20.8,7.7,,,,,,,,,,,,,,
243,부안,2023-05-13,16.7,12.9,0543,21.2,1355,,,,,,,8.2,290,1659,4.6,290,1658,1.7,1464,290,11.7,49,1428,73.9,13.8,1011.8,1017.0,0001,1010.8,1613,1013.2,14.0,12.4,,,,,,,,,2.8,1.4,23.7,8.7,,,,,,,,,,,,,,
243,부안,2023-05-14,17.1,10.7,0527,24.3,1221,,,,,,,7.0,290,1523,3.8,290,1459,1.1,970,290,10.3,26,1205,67.6,12.5,1008.3,1012.0,0001,1008.3,1729,1009.7,14.0,12.6,,,,,,,,,1.3,0.0,23.5,6.5,,,,,,,,,,,,,,
243,부안,2023-05-15,19.9,11.6,0515,28.4,1553,,,,,,,9.1,180,1038,5.3,200,1052,1.5,1278,140,11.8,33,1541,63.0,13.9,1007.1,1010.1,0948,1007.2,1438,1008.6,14.0,11.0,,,,,,,,,4.0,0.3,24.2,7.5,,,,,,,,,,,,,,
243,부안,2023-05-16,24.2,16.2,0620,31.9,1532,,,,,,,8.0,200,1516,4.7,200,1427,2.0,1764,200,10.4,13,1616,48.0,13.0,1009.9,1013.8,2311,1009.9,0207,1011.3,14.1,12.2,,,,,,,,,1.6,0.0,27.3,11.1,,,,,,,,,,,,,,
243,부안,2023-05-17,23.7,17.9,0531,30.4,1327,,,,,,,9.6,180,1233,5.0,160,1040,2.4,2076,180,14.4,29,1315,59.9,16.5,1011.8,1014.3,0919,1011.7,1709,1013.2,14.1,11.6,,,,,,,,,5.1,0.0,28.3,14.3,,,,,,,,,,,,,,
243,부안,2023-05-18,18.7,17.0,2358,20.4,0023,0.3,632,0.5,843,,1.5,7.6,70,1230,4.4,50,1231,1.8,1591,50,16.1,72,0915,85.0,18.3,1008.4,1012.9,0001,1007.4,1801,1009.8,14.1,0.0,,,,,,,,,9.3,5.8,20.3,14.8,,,,,,,,,,,,,,
243,부안,2023-05-19,20.4,14.8,0538,26.9,1604,,,,,,,7.5,20,1544,3.2,320,1907,1.6,1382,50,14.8,46,1625,72.5,16.8,1007.0,1010.7,2250,1006.1,0327,1008.4,14.1,8.2,,,,,,,,,2.8,2.0,23.9,11.7,,,,,,,,,,,,,,
243,부안,2023-05-20,19.4,15.7,2149,25.7,1214,,,,,,,8.4,270,1329,5.0,270,1334,1.9,1609,290,15.3,53,1209,78.9,17.3,1010.1,1013.4,2205,1009.9,0210,1011.5,14.2,9.9,,,,,,,,,4.9,1.0,25.2,12.0,,,,,,,,,,,,,,
243,부안,2023-05-21,17.1,14.6,2157,21.4,1312,,,,,,,8.4,290,1509,4.4,290,1509,1.8,1521,290,13.6,65,1228,80.6,15.6,1009.4,1012.0,0001,1010.2,1732,1010.8,14.2,5.8,,,,,,,,,6.8,4.6,24.4,11.6,,,,,,,,,,,,,,
243,부안,2023-05-22,16.4,13.1,2357,21.1,1514,0.2,,0.4,534,,0.6,6.4,290,1653,4.0,270,1701,1.3,1114,270,12.9,55,1548,81.4,15.0,1007.4,1010.4,0003,1007.8,1433,1008.8,14.2,4.4,,,,,,,,,5.4,2.3,22.1,9.6,,,,,,,,,,,,,,
243,부안,2023-05-23,17.5,12.0,0544,24.8,1303,,,,,,,8.8,250,1517,4.2,290,1431,1.6,1368,290,11.3,37,1423,69.8,13.4,1009.5,1013.7,2333,1009.3,0220,1010.9,14.2,12.5,,,,,,,,,0.4,0.1,25.2,7.9,,,,,,,,,,,,,,
243,부안,2023-05-24,18.5,13.1,0409,25.1,1349,0.0,,0.0,,,0.0,6.3,290,1720,3.4,320,1849,1.0,904,320,12.6,42,1307,70.4,14.7,1013.4,1017.2,2237,1013.2,0132,1014.9,14.3,4.0,,,,,,,,,7.6,1.9,22.4,8.7,,,,,,,,,,,,,,
243,부안,2023-05-25,20.4,15.4,0508,26.8,1344,,,,,,,9.2,270,1512,5.9,270,1516,1.5,1279,290,10.7,30,1118,57.3,13.0,1014.9,1017.9,0746,1015.1,1746,1016.3,14.3,7.7,,,,,,,,,6.6,3.8,27.9,11.9,,,,,,,,,,,,,,
243,부안,2023-05-26,20.9,15.9,0118,26.2,1600,0.0,,0.0,,,0.0,7.8,230,1355,3.7,200,1355,1.0,896,320,14.1,46,1200,66.4,16.1,1016.8,1019.2,1033,1016.9,0045,1018.2,14.3,4.7,,,,,,,,,8.5,5.6,25.2,11.9,,,,,,,,,,,,,,
243,부안,2023-05-27,23.0,20.5,0630,27.0,1654,0.2,,0.2,,,0.3,9.0,200,1621,5.8,180,1624,2.3,1950,180,17.1,49,1640,70.4,19.5,1015.4,1018.4,0648,1014.8,1714,1016.8,14.3,0.6,,,,,,,,,9.1,5.8,24.5,18.6,,,,,,,,,,,,,,
243,부안,2023-05-28,21.9,19.5,0528,24.1,1721,3.2,2325,9.9,2308,,22.3,7.6,200,0056,4.5,200,0020,1.9,1621,200,20.1,70,0002,89.9,23.5,1011.3,1015.4,0001,1011.2,1711,1012.7,14.4,0.0,,,,,,,,,9.6,7.9,21.3,18.2,,,,,,,,,,,,,,
243,부안,2023-05-29,20.2,19.0,1104,22.3,0144,5.1,1043,13.7,401,,61.7,7.9,230,0142,4.1,200,0149,1.2,1050,50,19.6,93,1609,96.5,22.8,1008.6,1011.5,0001,1009.2,0253,1010.0,14.4,0.0,,,,,,,,,9.0,6.1,21.0,17.1,,,,,,,,,,,,,,
243,부안,2023-05-30,22.5,19.8,0456,28.0,1206,0.1,,0.2,,,0.5,7.4,270,1701,4.1,270,1430,1.5,1327,290,19.8,60,1353,85.5,23.1,1007.9,1010.7,0024,1008.2,1401,1009.3,14.4,4.1,,,,,,,,,6.8,4.8,24.6,19.4,,,,,,,,,,,,,,
243,부안,2023-05-31,22.4,19.4,2350,28.5,1507,,,,,,,7.2,270,1616,4.2,270,1619,1.6,1403,290,17.6,41,1511,77.0,20.3,1008.7,1012.1,0855,1008.5,1714,1010.1,14.4,8.8,,,,,,,,,5.1,2.9,25.2,17.2,,,,,,,,,,,,,,
243,부안,2023-06-01,21.1,18.3,0356,24.9,1323,0.1,,0.1,,,0.1,5.6,160,1144,3.9,180,1149,1.2,1006,180,17.4,53,1102,80.6,19.8,1004.9,1010.2,0001,1003.6,1840,1006.3,14.4,1.2,,,,,,,,,8.4,6.1,23.7,15.6,,,,,,,,,,,,,,
243,부안,2023-06-02,20.0,17.6,2355,23.5,1018,0.0,,0.0,,,0.0,7.9,290,1501,4.5,290,1501,2.1,1797,290,17.0,67,1018,83.3,19.4,1002.1,1006.4,2343,1001.7,0741,1003.5,14.4,4.5,,,,,,,,,7.0,4.9,26.1,,,,,,,,,,,,,,,
243,부안,2023-06-03,20.2,15.3,0535,26.8,1543,,,,,,,9.4,320,1626,4.5,340,1640,1.5,1314,290,14.3,35,1540,71.1,16.3,1008.0,1011.8,2325,1006.2,0058,1009.4,14.5,11.2,,,,,,,,,3.0,0.5,27.0,13.1,,,,,,,,,,,,,,
243,부안,2023-06-04,20.9,15.4,0336,26.8,1414,,,,,,,6.8,270,1457,3.9,290,1501,1.3,1093,290,14.3,32,1407,68.3,16.4,1010.5,1012.8,0927,1010.3,1641,1011.9,14.5,11.2,,,,,,,,,5.5,0.0,27.5,12.6,,,,,,,,,,,,,,
243,부안,2023-06-05,20.3,17.3,0419,24.7,1353,,,,,,,5.7,270,1233,3.1,270,1235,1.2,1013,290,14.5,48,1445,70.6,16.5,1010.9,1013.9,0933,1011.2,1934,1012.3,14.5,3.6,,,,,,,,,7.8,1.3,25.6,14.5,,,,,,,,,,,,,,
243,부안,2023-06-06,19.8,16.5,0504,25.8,1428,,,,,,,7.6,290,1447,4.1,290,1455,1.5,1288,290,15.2,52,1429,76.1,17.3,1006.7,1011.4,0001,1006.1,1402,1008.1,14.5,10.3,,,,,,,,,2.8,0.6,28.1,13.5,,,,,,,,,,,,,,
243,부안,2023-06-07,21.4,16.2,0209,26.6,1540,,,,,,,4.9,270,1352,3.1,180,1047,1.4,1195,160,17.1,57,1216,77.5,19.5,1007.7,1010.7,0918,1007.6,1745,1009.1,14.5,8.3,,,,,,,,,7.6,3.0,27.5,13.3,,,,,,,,,,,,,,
243,부안,2023-06-08,21.5,18.1,0536,28.4,1427,0.0,,0.0,,,0.0,10.7,180,1438,5.5,270,1447,1.9,1663,180,16.7,45,1431,75.4,19.1,1003.5,1008.2,0646,1002.4,1739,1004.9,14.5,5.9,,,,,,,,,6.8,3.0,27.6,16.5,,,,,,,,,,,,,,
243,부안,2023-06-09,24.2,19.5,0456,30.0,1553,,,,,,,8.6,180,2359,5.0,200,2400,1.8,1530,160,14.8,20,1612,60.3,17.1,1002.8,1005.2,1132,1003.1,1639,1004.2,14.5,10.4,,,,,,,,,4.6,2.9,30.5,16.6,,,,,,,,,,,,,,
243,부안,2023-06-10,23.4,19.1,2313,31.0,1411,0.9,1642,0.9,1621,,0.9,12.2,290,1539,7.4,270,1606,2.3,2010,160,16.5,37,1250,67.9,18.8,1003.5,1006.2,1720,1003.8,1134,1004.9,14.5,5.5,,,,,,,,,6.8,2.1,27.6,17.1,,,,,,,,,,,,,,
243,부안,2023-06-11,22.3,18.6,0532,27.0,1151,,,,,,,7.8,290,1432,4.4,270,1400,1.7,1442,290,18.3,60,1025,79.3,21.1,1004.0,1007.1,2223,1004.3,1727,1005.4,14.5,10.1,,,,,,,,,3.9,1.8,29.4,16.5,,,,,,,,,,,,,,
243,부안,2023-06-12,21.8,17.9,0404,27.2,1316,,,,,,,8.1,290,1608,4.2,290,1629,1.6,1373,290,17.7,54,1305,78.9,20.3,1004.4,1007.6,0735,1004.1,1812,1005.8,14.5,8.5,,,,,,,,,3.9,3.3,30.0,14.8,,,,,,,,,,,,,,
243,부안,2023-06-13,21.3,17.7,0314,26.6,1315,,,,,,,7.7,320,1518,4.3,290,1502,1.6,1385,290,16.5,44,1113,75.9,18.8,1003.6,1005.8,0001,1003.9,1726,1005.0,14.6,12.6,,,,,,,,,3.4,0.5,29.8,14.3,,,,,,,,,,,,,,
243,부안,2023-06-14,21.1,17.4,0505,26.2,1343,,,,,,,7.4,270,1501,4.2,290,1429,1.4,1236,290,16.5,51,1406,77.0,18.8,1005.0,1008.2,2207,1004.7,0041,1006.4,14.6,11.1,,,,,,,,,3.0,0.9,30.1,14.6,,,,,,,,,,,,,,
243,부안,2023-06-15,21.1,16.0,0417,26.6,1514,,,,,,,7.4,320,1608,4.2,320,1615,1.5,1255,290,16.1,47,1413,75.8,18.4,1007.9,1011.9,2354,1007.7,0239,1009.3,14.6,12.6,,,,,,,,,1.0,0.3,30.3,12.5,,,,,,,,,,,,,,
243,부안,2023-06-16,22.4,17.1,0512,28.0,1340,,,,,,,6.4,270,1700,3.8,290,1719,1.4,1203,290,17.0,46,1144,74.0,19.4,1012.1,1014.9,2347,1011.5,0028,1013.5,14.6,11.9,,,,,,,,,2.4,0.3,31.2,13.7,,,,,,,,,,,,,,
243,부안,2023-06-17,22.7,17.7,0517,29.5,1213,,,,,,,9.1,290,1348,3.9,290,1317,1.3,1137,290,16.9,35,1213,72.4,19.3,1011.9,1014.9,0123,1011.7,1743,1013.3,14.6,8.4,,,,,,,,,6.9,0.5,30.3,14.6,,,,,,,,,,,,,,
243,부안,2023-06-18,22.8,19.3,0555,27.9,1151,,,,,,,8.0,320,1520,4.1,290,1521,1.7,1437,290,16.7,46,1042,70.4,19.1,1006.6,1011.7,0001,1005.7,1743,1008.0,14.6,10.7,,,,,,,,,3.9,0.8,29.9,16.8,,,,,,,,,,,,,,
243,부안,2023-06-19,24.2,18.2,0518,32.9,1237,,,,,,,7.3,270,1411,4.4,290,1510,1.6,1352,290,17.7,41,1134,69.4,20.3,1004.9,1007.4,0116,1004.6,1533,1006.3,14.6,9.7,,,,,,,,,5.5,0.9,31.7,15.5,,,,,,,,,,,,,,
243,부안,2023-06-20,23.6,20.0,0451,28.5,1008,0.4,2033,1.2,2120,,2.4,5.8,160,1726,3.6,180,1743,1.3,1116,140,18.4,39,1450,75.5,21.4,1002.2,1006.0,0001,1001.4,2350,1003.6,14.6,2.8,,,,,,,,,7.9,3.1,29.0,17.3,,,,,,,,,,,,,,
243,부안,2023-06-21,21.8,20.2,2234,23.4,1157,0.0,,0.0,,,0.0,8.6,320,1550,4.8,290,1557,1.9,1639,290,19.9,81,1534,89.6,23.3,1000.3,1003.9,2155,999.9,0315,1001.7,14.6,0.2,,,,,,,,,8.1,8.1,23.6,20.0,,,,,,,,,,,,,,
243,부안,2023-06-22,22.4,19.5,0154,25.9,1416,0.0,,0.0,,,0.0,7.0,270,1639,4.2,270,1647,2.1,1779,290,18.3,62,1355,78.8,21.0,1003.9,1007.1,2302,1003.9,0001,1005.3,14.6,7.7,,,,,,,,,5.1,3.9,29.5,17.4,,,,,,,,,,,,,,
243,부안,2023-06-23,23.6,18.8,0348,29.4,1529,,,,,,,5.7,290,1608,3.6,290,1613,1.3,1097,290,19.5,52,1553,79.4,22.7,1008.2,1012.5,2334,1006.5,0012,1009.6,14.6,9.3,,,,,,,,,5.8,1.8,30.2,16.1,,,,,,,,,,,,,,
243,부안,2023-06-24,24.9,20.8,0442,31.1,1244,,,,,,,7.5,270,1405,4.4,270,1406,1.5,1268,290,19.6,48,1250,74.3,22.8,1012.5,1015.3,2248,1012.5,0001,1013.9,14.6,9.0,,,,,,,,,7.1,3.0,32.7,18.3,,,,,,,,,,,,,,
243,부안,2023-06-25,24.4,20.5,0444,31.0,1416,0.8,1846,2.4,1838,,3.7,7.5,160,1335,4.4,180,1837,1.9,1639,110,19.0,41,1327,75.1,22.1,1010.0,1015.0,0001,1009.1,2400,1011.4,14.6,3.7,,,,,,,,,8.6,2.0,29.4,17.5,,,,,,,,,,,,,,
243,부안,2023-06-26,24.7,21.6,0317,26.9,1443,4.0,306,9.1,245,,18.8,8.7,230,2319,5.2,200,2327,3.0,2630,200,22.8,82,1438,89.6,27.8,1005.7,1009.2,0001,1005.5,1830,1007.1,14.6,0.0,,,,,,,,,9.5,7.5,25.2,21.1,,,,,,,,,,,,,,
243,부안,2023-06-27,25.8,21.4,2348,30.2,1612,16.8,2347,49.3,2331,,40.5,10.4,140,2354,5.8,180,2333,2.1,1777,200,21.7,60,1614,79.3,26.0,1007.9,1011.3,2337,1006.6,0034,1009.3,14.6,8.9,,,,,,,,,6.5,3.6,28.2,20.8,,,,,,,,,,,,,,
243,부안,2023-06-28,23.6,20.1,0302,27.1,1419,11.9,20,32.0,240,,117.3,9.5,110,0222,5.2,110,0213,2.8,2395,180,21.5,77,1217,88.5,25.7,1007.4,1011.6,0300,1006.7,2351,1008.8,14.6,2.5,,,,,,,,,8.4,5.4,25.5,19.7,,,,,,,,,,,,,,
243,부안,2023-06-29,25.0,23.8,0113,26.4,0918,15.3,1148,33.7,1120,,54.9,8.8,180,1005,5.1,200,1454,2.8,2403,200,23.4,82,0916,91.1,28.7,1000.7,1006.9,0002,999.0,1754,1002.1,14.6,0.0,,,,,,,,,9.0,5.5,25.0,22.7,,,,,,,,,,,,,,
243,부안,2023-06-30,24.5,23.2,0649,26.3,1453,2.4,320,5.5,242,,8.6,7.9,200,0034,4.9,200,0031,1.9,1632,200,23.1,82,1456,92.0,28.2,999.4,1003.1,2303,999.4,0452,1000.8,14.6,0.0,,,,,,,,,8.4,6.9,26.6,22.7,,,,,,,,,,,,,,
243,부안,2023-07-01,25.0,23.1,0921,29.2,1532,0.5,921,0.7,901,,0.7,5.8,320,1935,3.5,320,1952,1.3,1159,320,23.0,73,1440,89.8,28.2,1004.6,1008.6,2329,1002.7,0313,1006.0,14.5,5.4,,,,,,,,,5.9,4.9,27.5,22.4,,,,,,,,,,,,,,
243,부안,2023-07-02,26.2,23.1,0528,31.6,1518,,,,,,,7.5,290,1610,4.7,270,1616,1.2,996,290,22.9,62,1515,83.4,27.9,1007.1,1010.3,0837,1006.8,1437,1008.5,14.5,4.9,,,,,,,,,6.9,2.5,28.5,22.0,,,,,,,,,,,,,,
243,부안,2023-07-03,26.6,23.0,0413,31.0,1320,0.0,,0.0,,,0.0,6.7,270,1658,4.2,270,1658,1.2,1009,290,23.7,65,1058,85.3,29.4,1004.0,1008.5,0001,1004.1,1736,1005.4,14.5,5.3,,,,,,,,,7.1,1.1,29.0,21.5,,,,,,,,,,,,,,
243,부안,2023-07-04,24.9,23.5,1313,25.9,1656,9.0,1306,19.6,941,,57.9,7.6,160,1736,5.2,180,1934,2.2,1896,180,23.4,84,1737,92.1,28.8,999.0,1004.7,0001,995.5,2359,1000.4,14.5,0.0,,,,,,,,,9.3,3.9,25.7,23.2,,,,,,,,,,,,,,
243,부안,2023-07-05,24.9,22.3,2357,27.6,1404,7.5,54,26.7,51,,28.4,9.2,290,0328,5.0,270,0421,2.8,2434,270,21.0,63,1413,79.9,25.0,996.4,1000.9,2326,994.8,0244,997.8,14.5,7.6,,,,,,,,,3.9,1.4,27.0,20.4,,,,,,,,,,,,,,
243,부안,2023-07-06,26.5,21.8,0513,32.0,1342,,,,,,,6.1,160,1105,3.9,180,1111,2.1,1850,160,20.6,42,1400,72.6,24.4,1001.1,1003.7,1039,1000.7,0009,1002.5,14.5,6.6,,,,,,,,,7.1,0.1,27.6,19.6,,,,,,,,,,,,,,
243,부안,2023-07-07,22.7,20.4,1315,24.7,0007,5.5,1251,16.4,1230,,39.5,8.6,70,1328,5.2,70,1430,1.8,1541,160,21.3,79,0830,92.0,25.3,1000.1,1003.5,0142,999.1,1539,1001.5,14.5,0.0,,,,,,,,,9.0,5.0,23.5,20.2,,,,,,,,,,,,,,
243,부안,2023-07-08,25.3,21.9,0207,29.5,1220,1.6,402,1.8,400,,3.8,7.2,290,1721,4.4,290,1722,1.4,1186,50,23.4,73,1221,90.1,28.8,1001.0,1004.0,2117,1001.1,0335,1002.4,14.5,4.9,,,,,,,,,6.4,4.3,27.6,22.0,,,,,,,,,,,,,,
243,부안,2023-07-09,27.3,24.7,0001,30.7,1653,0.0,,0.0,,,0.0,10.5,200,1048,6.8,200,1043,2.5,2181,200,24.6,67,1651,85.9,31.0,1001.7,1004.9,2144,1001.3,1101,1003.1,14.5,1.2,,,,,,,,,7.0,5.1,27.9,23.1,,,,,,,,,,,,,,
243,부안,2023-07-10,27.8,25.7,0557,32.0,1457,,,,,,,16.4,200,0525,9.7,200,0529,2.3,2016,180,22.8,49,1357,76.1,27.9,1003.0,1006.4,2125,1000.1,0540,1004.4,14.5,9.6,,,,,,,,,6.8,1.1,29.2,23.9,,,,,,,,,,,,,,
243,부안,2023-07-11,25.5,23.3,1428,27.3,0931,4.5,640,5.3,637,,11.9,8.1,180,1339,5.3,180,1344,2.3,1981,200,23.6,78,1547,89.5,29.1,1004.4,1007.6,1025,1004.1,1507,1005.8,14.4,0.1,,,,,,,,,9.1,3.0,25.7,23.0,,,,,,,,,,,,,,
243,부안,2023-07-12,26.7,24.3,0239,29.7,1206,0.2,,0.2,,,0.2,7.3,200,1402,4.7,200,1404,1.8,1591,200,24.3,73,1154,87.0,30.3,1004.3,1006.5,0841,1004.4,0236,1005.7,14.4,5.8,,,,,,,,,7.3,2.0,28.4,22.7,,,,,,,,,,,,,,
243,부안,2023-07-13,26.0,24.7,0658,27.2,1656,5.7,439,8.4,437,,26.5,10.3,180,1811,6.0,200,1830,2.7,2345,180,24.5,85,1649,91.9,30.8,1002.9,1006.6,0900,1001.9,2341,1004.3,14.4,0.0,,,,,,,,,9.8,2.6,25.9,24.3,,,,,,,,,,,,,,
243,부안,2023-07-14,25.3,24.5,0653,26.5,1557,8.2,822,27.9,805,,194.5,14.4,200,0409,8.9,200,0410,5.1,4403,200,24.1,88,1533,93.3,30.0,999.0,1002.0,0001,999.3,0438,1000.4,14.4,0.0,,,,,,,,,9.3,5.6,25.0,23.9,,,,,,,,,,,,,,
243,부안,2023-07-15,24.8,23.2,1903,26.7,0953,4.3,12,7.6,1608,,32.5,11.1,200,0453,6.5,200,0009,3.2,2766,200,23.5,82,0956,92.9,29.0,1000.9,1005.6,2257,999.7,0251,1002.3,14.4,0.0,,,,,,,,,9.8,1.5,24.8,22.4,,,,,,,,,,,,,,
243,부안,2023-07-16,25.0,23.2,0520,28.3,1553,0.4,1129,1.0,1047,,2.3,5.4,200,0050,3.4,180,1017,1.5,1303,180,22.9,72,1601,88.5,27.9,1006.6,1010.9,2343,1005.4,0001,1008.0,14.3,1.1,,,,,,,,,9.8,3.1,26.8,22.2,,,,,,,,,,,,,,
243,부안,2023-07-17,25.8,23.3,0500,31.3,1430,3.6,547,8.9,510,,22.6,7.0,230,1400,4.2,200,1055,2.0,1691,200,23.9,68,1444,89.9,29.6,1010.5,1013.6,2152,1009.8,0327,1011.9,14.3,4.8,,,,,,,,,8.9,3.1,28.0,22.8,,,,,,,,,,,,,,
243,부안,2023-07-18,23.7,23.0,1003,24.7,0209,4.9,1348,13.7,1312,,69.2,8.0,20,1410,4.6,50,1414,1.9,1649,50,23.1,95,1616,96.9,28.3,1008.2,1013.5,0001,1006.3,1809,1009.6,14.3,0.0,,,,,,,,,8.4,5.0,24.7,22.8,,,,,,,,,,,,,,
243,부안,2023-07-19,25.6,22.1,0449,29.5,1335,,,,,,,6.7,290,1630,4.0,290,1647,1.7,1454,290,22.6,68,1140,84.8,27.4,1006.4,1008.7,2201,1006.7,0301,1007.8,14.3,11.7,,,,,,,,,3.3,1.4,28.7,20.3,,,,,,,,,,,,,,
243,부안,2023-07-20,25.3,21.6,0527,30.1,1252,,,,,,,5.3,290,1452,3.2,290,1452,1.1,974,320,22.6,63,1245,86.0,27.4,1008.2,1010.9,2302,1008.4,0024,1009.6,14.3,8.4,,,,,,,,,5.9,1.0,27.5,20.3,,,,,,,,,,,,,,
243,부안,2023-07-21,27.3,22.5,0525,33.0,1412,,,,,,,5.0,250,1706,2.9,290,1400,1.0,828,140,23.6,53,1310,81.6,29.2,1010.2,1012.9,2221,1010.7,0009,1011.6,14.2,9.8,,,,,,,,,3.0,0.1,29.7,21.1,,,,,,,,,,,,,,
243,부안,2023-07-22,24.9,22.3,1401,27.7,0853,0.9,1340,3.9,1324,,11.5,9.1,140,0900,5.5,140,0906,2.4,2069,160,21.7,67,0741,83.4,26.1,1010.3,1013.2,0043,1010.6,1641,1011.7,14.2,1.0,,,,,,,,,8.1,4.5,25.2,21.3,,,,,,,,,,,,,,
243,부안,2023-07-23,25.6,24.4,2151,27.2,0845,12.4,1334,47.2,1250,,104.3,8.5,200,1054,4.7,180,1053,2.4,2079,180,24.1,81,0620,92.1,30.0,1007.1,1011.1,0001,1007.0,1914,1008.5,14.2,0.0,,,,,,,,,9.5,4.0,25.4,23.8,,,,,,,,,,,,,,
243,부안,2023-07-24,25.9,22.6,0835,30.1,1351,1.2,341,5.9,323,,17.3,6.7,180,0601,4.2,180,0608,1.6,1383,160,23.5,63,1333,87.8,29.1,1007.8,1011.0,2351,1007.6,0359,1009.2,14.2,2.9,,,,,,,,,8.9,1.9,27.0,22.6,,,,,,,,,,,,,,
243,부안,2023-07-25,26.1,23.8,1747,30.9,1439,10.0,1733,16.0,1657,,20.5,8.7,160,1741,5.2,180,1744,1.3,1104,200,24.0,64,1500,89.0,29.9,1011.6,1014.5,2336,1010.5,0056,1013.0,14.2,1.6,,,,,,,,,8.9,4.6,28.1,22.2,,,,,,,,,,,,,,
243,부안,2023-07-26,26.8,24.1,0411,32.4,1321,0.6,2001,1.4,1950,,2.0,6.3,200,1528,4.1,180,1535,1.2,1077,180,24.1,62,1232,85.9,30.0,1013.5,1016.8,2150,1013.4,1458,1014.9,14.1,4.2,,,,,,,,,8.5,4.3,29.1,23.3,,,,,,,,,,,,,,
243,부안,2023-07-27,27.3,23.2,0431,32.2,1604,0.0,,0.0,,,0.0,6.7,270,1659,3.4,270,1703,0.9,806,110,23.9,56,1605,83.0,29.7,1012.9,1015.5,0854,1012.9,1730,1014.3,14.1,8.0,,,,,,,,,5.6,1.6,30.1,22.4,,,,,,,,,,,,,,
243,부안,2023-07-28,28.4,24.0,0525,33.6,1356,,,,,,,6.0,200,1330,3.9,200,1334,1.4,1252,160,23.5,52,1432,77.4,29.0,1012.7,1015.4,2330,1012.9,1755,1014.1,14.1,10.5,,,,,,,,,5.1,0.4,30.4,23.1,,,,,,,,,,,,,,
243,부안,2023-07-29,28.9,24.5,0536,34.0,1420,,,,,,,5.0,290,1506,2.8,320,1509,0.9,792,160,23.7,50,1258,75.5,29.3,1012.8,1015.3,0001,1013.0,1733,1014.2,14.1,11.0,,,,,,,,,4.5,2.4,31.7,23.5,,,,,,,,,,,,,,
243,부안,2023-07-30,27.6,24.0,0502,33.0,1308,0.9,1804,1.6,1720,,1.6,5.9,320,1648,3.7,180,1805,1.3,1098,320,23.5,53,1255,80.5,29.0,1012.1,1014.7,0918,1011.5,1712,1013.5,14.0,10.3,,,,,,,,,5.5,1.4,31.9,23.1,,,,,,,,,,,,,,
243,부안,2023-07-31,28.3,23.8,0553,33.4,1442,,,,,,,5.4,20,1138,3.0,290,1633,1.1,952,20,24.0,54,1519,79.6,29.9,1011.2,1014.4,0826,1010.7,1731,1012.6,14.0,10.9,,,,,,,,,4.8,0.6,31.6,22.8,,,,,,,,,,,,,,
243,부안,2023-08-01,28.8,24.9,0559,34.5,1408,,,,,,,5.7,320,1620,3.5,290,1655,1.0,872,290,24.5,54,1141,79.0,30.8,1009.0,1012.0,0748,1008.9,1544,1010.4,14.0,10.8,,,,,,,,,5.1,0.4,32.6,24.1,,,,,,,,,,,,,,
243,부안,2023-08-02,28.7,25.2,0517,33.8,1436,,,,,,,5.7,320,1537,3.3,290,1508,1.0,900,320,24.1,56,1344,77.4,30.0,1006.8,1009.8,0012,1006.3,1758,1008.2,13.9,12.1,,,,,,,,,3.9,0.4,33.8,24.3,,,,,,,,,,,,,,
243,부안,2023-08-03,29.3,24.5,0345,35.0,1419,,,,,,,5.0,290,1603,2.9,320,1604,0.9,763,320,23.1,51,1307,71.1,28.3,1004.9,1007.6,0909,1004.8,1716,1006.3,13.9,11.2,,,,,,,,,3.5,0.8,34.8,23.5,,,,,,,,,,,,,,
243,부안,2023-08-04,29.2,25.5,0526,34.1,1432,,,,,,,5.6,320,1651,3.3,290,1700,1.0,887,290,24.0,56,1246,74.8,29.8,1003.1,1006.2,0125,1002.9,1850,1004.4,13.9,9.9,,,,,,,,,4.3,1.4,33.2,24.4,,,,,,,,,,,,,,
243,부안,2023-08-05,29.3,25.1,0549,34.7,1337,,,,,,,6.0,320,1554,3.5,290,1527,1.1,983,290,24.1,53,1330,75.1,30.0,999.5,1002.8,0001,998.8,1721,1000.8,13.8,12.4,,,,,,,,,3.0,0.5,35.2,23.7,,,,,,,,,,,,,,
243,부안,2023-08-06,28.9,25.3,0611,34.0,1231,,,,,,,6.5,290,1710,4.0,290,1314,1.5,1332,290,23.9,59,1522,75.3,29.7,996.7,999.9,0010,996.1,1547,998.1,13.8,12.3,,,,,,,,,4.1,0.9,35.4,23.9,,,,,,,,,,,,,,
243,부안,2023-08-07,28.6,25.4,0552,34.3,1423,,,,,,,7.4,320,1547,4.2,290,1551,1.4,1179,290,24.8,63,1409,80.8,31.3,997.6,1000.1,0827,997.5,1458,998.9,13.8,11.1,,,,,,,,,4.8,2.0,35.9,24.7,,,,,,,,,,,,,,
243,부안,2023-08-08,29.4,25.6,0551,35.6,1426,1.5,1652,2.2,1654,,2.2,7.1,320,1517,3.9,290,1602,1.1,986,50,24.8,53,1302,78.3,31.3,999.6,1001.8,1003,1000.0,0001,1001.0,13.8,10.4,,,,,,,,,4.0,1.5,35.5,24.2,,,,,,,,,,,,,,
243,부안,2023-08-09,27.1,23.8,2315,31.6,1124,4.2,2135,10.9,2121,,20.0,8.9,50,2139,5.2,70,2144,2.7,2360,50,23.7,64,1119,82.4,29.3,999.7,1002.1,0629,999.6,2358,1001.1,13.7,2.8,,,,,,,,,7.8,0.8,29.1,23.5,,,,,,,,,,,,,,
243,부안,2023-08-10,23.2,21.8,1054,24.5,1924,2.9,825,12.1,806,,71.9,11.4,290,1602,6.1,20,0746,3.3,2871,20,21.8,82,1922,92.1,26.2,995.0,999.6,0001,994.3,1212,996.4,13.7,0.0,,,,,,,,,8.3,4.6,25.0,21.9,,,,,,,,,,,,,,
243,부안,2023-08-11,26.1,23.3,0210,30.6,1336,3.1,330,5.1,306,,5.1,7.5,230,1251,4.2,180,0643,1.9,1642,180,22.6,56,1317,82.3,27.5,999.7,1003.4,2144,998.7,0101,1001.1,13.7,3.3,,,,,,,,,8.8,6.0,28.1,22.4,,,,,,,,,,,,,,
243,부안,2023-08-12,26.3,23.7,0428,30.1,1142,0.1,,0.1,,,0.1,5.8,270,1359,3.1,270,1405,1.1,962,160,22.7,63,1153,81.4,27.5,1002.6,1004.9,2131,1002.9,0312,1004.0,13.6,3.5,,,,,,,,,5.9,2.6,27.9,23.2,,,,,,,,,,,,,,
243,부안,2023-08-13,27.3,23.3,0608,32.4,1256,,,,,,,4.9,290,1411,2.9,290,1350,1.1,911,140,23.1,47,1209,79.8,28.3,1003.2,1005.9,2357,1003.6,0301,1004.6,13.6,9.3,,,,,,,,,5.5,0.1,29.0,22.1,,,,,,,,,,,,,,
243,부안,2023-08-14,27.9,24.5,0454,33.1,1439,,,,,,,6.1,270,1616,3.3,290,1638,1.1,954,290,24.2,58,1346,81.5,30.2,1004.2,1007.0,1013,1004.4,1756,1005.6,13.6,8.5,,,,,,,,,3.8,2.4,30.6,23.4,,,,,,,,,,,,,,
243,부안,2023-08-15,27.5,24.0,0540,31.5,1159,,,,,,,7.0,290,1633,4.1,290,1343,1.6,1345,290,23.7,63,1507,81.3,29.4,1003.4,1006.4,0824,1003.1,1722,1004.8,13.5,6.7,,,,,,,,,5.6,1.5,31.2,23.0,,,,,,,,,,,,,,
243,부안,2023-08-16,26.9,24.4,2357,31.5,1252,,,,,,,7.4,270,1415,3.5,290,1431,1.4,1167,290,23.1,53,1125,81.3,28.2,1003.1,1005.4,2316,1003.5,1719,1004.5,13.5,10.0,,,,,,,,,3.9,2.4,31.3,22.8,,,,,,,,,,,,,,
243,부안,2023-08-17,26.8,22.5,0624,31.4,1355,0.0,,0.0,,,0.0,5.8,290,1413,3.4,290,1622,1.1,925,290,22.8,54,1253,79.9,27.7,1003.6,1006.5,2344,1003.8,1609,1005.0,13.5,10.9,,,,,,,,,4.5,1.5,32.1,21.1,,,,,,,,,,,,,,
243,부안,2023-08-18,27.4,23.8,0452,31.8,1409,,,,,,,6.2,290,1715,3.5,290,1722,1.3,1102,290,22.6,56,1129,76.6,27.4,1005.5,1008.7,2321,1005.8,1627,1006.9,13.4,10.8,,,,,,,,,4.5,2.0,33.2,22.7,,,,,,,,,,,,,,
243,부안,2023-08-19,27.7,25.3,0605,31.3,1300,,,,,,,6.8,290,1418,3.7,290,1357,1.5,1264,290,23.3,63,1440,78.0,28.6,1008.7,1011.7,2322,1008.7,0001,1010.1,13.4,8.9,,,,,,,,,5.9,3.3,33.3,24.9,,,,,,,,,,,,,,
243,부안,2023-08-20,27.8,24.1,0549,32.6,1317,,,,,,,6.8,290,1600,3.5,320,1557,1.1,918,290,23.2,60,1745,77.5,28.5,1010.0,1012.4,0743,1010.4,1559,1011.4,13.4,10.4,,,,,,,,,4.3,1.6,33.9,22.8,,,,,,,,,,,,,,
243,부안,2023-08-21,29.0,24.7,0301,34.5,1449,,,,,,,7.7,200,1455,4.6,200,1417,1.9,1651,180,23.0,49,1450,72.1,28.2,1006.5,1011.0,0001,1005.8,1723,1007.9,13.3,8.9,,,,,,,,,4.9,2.3,34.6,23.2,,,,,,,,,,,,,,
243,부안,2023-08-22,27.7,24.7,0604,33.1,1243,2.4,1816,2.6,1801,,4.1,8.5,180,1148,4.9,180,1127,2.1,1803,160,23.9,56,1250,80.9,29.7,1003.2,1006.9,0001,1002.7,1520,1004.6,13.3,3.5,,,,,,,,,7.0,2.9,30.6,23.0,,,,,,,,,,,,,,
243,부안,2023-08-23,25.1,23.8,1842,29.3,1407,6.1,23,11.8,-2357,,39.2,9.7,180,1435,4.5,180,1443,1.5,1273,160,24.1,78,1412,95.0,30.1,1003.4,1006.0,2329,1003.7,1606,1004.8,13.3,0.1,,,,,,,,,9.4,2.5,26.9,23.7,,,,,,,,,,,,,,
243,부안,2023-08-24,25.7,23.7,0626,29.0,1235,0.8,529,1.9,453,,2.4,4.0,290,1509,2.3,290,1459,0.8,675,290,24.0,75,1244,90.8,29.8,1004.8,1007.6,2303,1005.0,0307,1006.2,13.2,1.0,,,,,,,,,6.5,5.1,28.1,23.6,,,,,,,,,,,,,,
243,부안,2023-08-25,25.8,22.1,2338,30.2,1409,0.0,,0.0,,,0.0,7.0,320,1425,3.4,270,0956,1.3,1106,290,22.0,60,1342,81.4,26.5,1007.4,1010.4,2346,1007.0,0337,1008.8,13.2,9.8,,,,,,,,,2.4,1.1,29.0,20.5,,,,,,,,,,,,,,
243,부안,2023-08-26,25.2,21.0,0201,30.9,1501,,,,,,,6.5,290,1657,3.8,290,1627,1.1,940,290,20.4,39,1503,77.5,24.0,1008.3,1011.0,0648,1008.5,1530,1009.7,13.2,10.2,,,,,,,,,3.9,0.0,28.2,19.9,,,,,,,,,,,,,,
243,부안,2023-08-27,26.2,21.9,0527,31.7,1357,,,,,,,5.2,340,1609,2.8,290,1651,0.8,681,290,22.4,58,1353,81.0,27.0,1006.5,1009.3,0805,1006.6,1522,1007.9,13.1,6.6,,,,,,,,,6.8,3.3,28.8,21.1,,,,,,,,,,,,,,
243,부안,2023-08-28,27.1,24.4,0314,31.4,1530,0.6,934,2.2,909,,2.4,8.9,140,1439,5.3,140,1436,2.1,1845,160,22.9,60,1518,79.0,28.0,1004.4,1008.2,0950,1004.0,1703,1005.8,13.1,3.3,,,,,,,,,9.3,3.3,27.9,23.6,,,,,,,,,,,,,,
243,부안,2023-08-29,25.2,23.0,2148,28.5,0904,0.8,533,1.1,330,,3.7,8.1,180,1012,5.0,180,1019,1.7,1437,160,23.5,73,0006,91.0,29.1,1004.8,1009.3,2252,1004.1,0556,1006.2,13.1,0.1,,,,,,,,,9.5,5.3,27.5,23.5,,,,,,,,,,,,,,
243,부안,2023-08-30,21.5,19.3,2332,23.3,1204,2.0,1504,3.4,1239,,17.4,4.8,290,1653,2.8,270,1653,0.7,644,290,20.6,88,1135,94.9,24.2,1008.4,1011.0,2342,1008.7,0430,1009.8,13.0,0.0,,,,,,,,,8.6,4.1,24.4,19.7,,,,,,,,,,,,,,
243,부안,2023-08-31,22.8,19.3,0120,27.9,1536,,,,,,,5.6,290,1635,3.3,290,1640,0.9,811,290,19.6,57,1525,83.9,22.9,1009.5,1011.9,1025,1010.0,0445,1010.9,13.0,5.8,,,,,,,,,6.8,2.3,25.7,19.6,,,,,,,,,,,,,,
243,부안,2023-09-01,23.6,18.1,0425,30.2,1548,,,,,,,6.8,90,1254,4.2,50,1259,1.2,1000,50,19.2,43,1607,78.8,22.2,1010.4,1012.9,0916,1010.6,1555,1011.8,13.0,10.3,,,,,,,,,3.0,0.1,26.0,16.8,,,,,,,,,,,,,,
243,부안,2023-09-02,24.2,18.5,0517,30.0,1256,0.0,,0.0,,,0.0,4.9,200,1633,3.3,200,1634,0.9,765,20,20.9,50,1301,83.0,24.9,1010.1,1012.4,0001,1010.5,1808,1011.5,12.9,5.4,,,,,,,,,2.8,2.0,26.4,17.4,,,,,,,,,,,,,,
243,부안,2023-09-03,26.7,23.0,0355,32.2,1325,0.5,1703,0.5,1642,,0.5,4.9,290,1615,2.7,290,1456,1.0,897,110,23.3,53,1334,83.3,28.7,1010.4,1012.5,0940,1010.8,1418,1011.8,12.9,5.2,,,,,,,,,6.6,3.5,28.7,21.5,,,,,,,,,,,,,,
243,부안,2023-09-04,26.8,23.1,0605,31.5,1401,,,,,,,6.1,290,1536,3.4,290,1540,1.1,959,290,23.7,64,1214,84.5,29.3,1010.3,1012.9,1047,1010.8,1519,1011.7,12.8,5.7,,,,,,,,,8.1,4.5,29.8,22.0,,,,,,,,,,,,,,
243,부안,2023-09-05,27.0,23.9,0430,31.7,1442,,,,,,,5.7,20,1444,3.1,20,1405,1.2,1067,20,22.6,51,1446,78.8,27.5,1009.7,1012.4,1017,1009.9,1647,1011.1,12.8,6.9,,,,,,,,,6.3,2.9,30.6,22.3,,,,,,,,,,,,,,
243,부안,2023-09-06,26.0,21.9,0601,31.5,1315,,,,,,,5.6,320,1453,3.3,290,1430,1.1,931,290,22.0,55,1106,80.8,26.5,1010.1,1013.1,2351,1010.2,1555,1011.5,12.8,10.4,,,,,,,,,1.1,0.1,30.5,20.3,,,,,,,,,,,,,,
243,부안,2023-09-07,25.5,20.8,0631,31.1,1447,,,,,,,5.7,110,1027,3.1,70,1031,1.1,974,50,17.3,30,1409,64.4,19.9,1012.4,1015.2,0941,1012.6,1745,1013.8,12.7,10.7,,,,,,,,,0.1,0.0,30.0,18.4,,,,,,,,,,,,,,
243,부안,2023-09-08,23.6,18.3,0549,29.8,1416,,,,,,,5.7,290,1531,3.0,290,1535,1.0,873,320,17.2,39,1319,70.3,19.6,1011.6,1014.9,0826,1011.2,1615,1013.0,12.7,10.7,,,,,,,,,0.1,0.0,29.3,15.8,,,,,,,,,,,,,,
243,부안,2023-09-09,23.7,18.6,0602,29.6,1346,,,,,,,6.1,290,1402,3.7,320,1413,1.1,946,290,19.2,47,1336,77.9,22.3,1010.0,1012.4,0752,1010.1,1619,1011.4,12.7,9.8,,,,,,,,,3.1,0.4,29.5,16.3,,,,,,,,,,,,,,
243,부안,2023-09-10,24.1,20.5,0524,28.7,1537,,,,,,,6.8,290,1656,3.6,290,1547,1.0,903,290,19.9,56,1519,78.4,23.2,1009.1,1011.8,0817,1009.2,1509,1010.5,12.6,7.6,,,,,,,,,6.0,2.6,28.2,18.4,,,,,,,,,,,,,,
243,부안,2023-09-11,24.5,20.2,0524,30.1,1434,,,,,,,6.2,290,1553,3.3,290,1601,0.9,809,290,18.9,45,1429,73.0,21.9,1008.5,1011.7,2243,1008.5,1419,1009.9,12.6,9.7,,,,,,,,,4.4,1.0,30.4,18.8,,,,,,,,,,,,,,
243,부안,2023-09-12,24.0,20.3,0535,28.7,1530,,,,,,,4.6,320,1611,2.3,320,1652,0.8,657,320,19.5,45,1428,78.0,22.8,1009.7,1012.2,1036,1009.8,1541,1011.1,12.6,3.6,,,,,,,,,7.9,0.8,28.1,18.3,,,,,,,,,,,,,,
243,부안,2023-09-13,21.2,19.9,2332,23.1,0014,1.9,1843,5.7,1827,,26.1,5.3,270,1607,3.2,270,1609,1.0,866,20,19.9,79,1033,92.9,23.3,1010.1,1012.7,1106,1010.2,1516,1011.5,12.5,0.0,,,,,,,,,10.0,4.4,24.0,20.2,,,,,,,,,,,,,,
243,부안,2023-09-14,22.8,19.9,0001,25.7,1417,0.7,51,2.5,-2331,,8.0,3.5,50,0424,2.0,50,1146,0.8,726,360,21.0,74,1408,90.4,25.0,1010.8,1014.4,2355,1010.1,0422,1012.2,12.5,0.2,,,,,,,,,9.4,6.1,25.1,20.5,,,,,,,,,,,,,,
243,부안,2023-09-15,23.2,21.9,0649,26.6,1420,1.4,728,6.6,707,,28.8,5.8,90,1311,3.5,110,1316,1.1,934,50,22.3,76,1430,95.3,27.0,1011.4,1014.6,0910,1011.3,1506,1012.8,12.4,0.0,,,,,,,,,9.6,2.9,25.3,21.9,,,,,,,,,,,,,,
243,부안,2023-09-16,23.6,22.4,0037,28.3,1137,14.0,707,20.1,706,,50.0,7.3,270,0704,3.9,290,0712,1.0,861,110,22.7,73,1129,95.3,27.5,1010.2,1013.2,0704,1009.3,1708,1011.6,12.4,1.8,,,,,,,,,8.9,4.5,24.6,21.9,,,,,,,,,,,,,,
243,부안,2023-09-17,24.3,22.1,0613,27.7,1206,0.3,139,0.6,119,,0.6,4.6,320,1637,2.7,320,1332,0.9,753,290,22.3,69,1207,89.8,26.9,1009.4,1012.2,2347,1009.6,0250,1010.8,12.4,3.5,,,,,,,,,7.5,3.5,26.0,21.7,,,,,,,,,,,,,,
243,부안,2023-09-18,24.0,20.7,0602,29.3,1427,,,,,,,6.3,270,1506,3.6,290,1459,1.0,849,290,21.5,58,1407,87.3,25.7,1011.6,1014.5,2359,1011.4,0251,1013.0,12.3,8.3,,,,,,,,,3.6,0.8,26.8,20.2,,,,,,,,,,,,,,
243,부안,2023-09-19,23.5,20.2,0541,28.6,1357,,,,,,,5.1,270,1727,2.6,290,1701,0.8,660,180,20.6,54,1503,85.5,24.2,1013.1,1015.8,0910,1013.6,0334,1014.5,12.3,5.8,,,,,,,,,6.1,1.9,26.0,18.4,,,,,,,,,,,,,,
243,부안,2023-09-20,22.9,20.7,2345,26.1,1910,6.6,1633,24.7,1557,,61.8,8.1,200,1833,4.9,200,1836,2.0,1762,70,21.7,84,0924,93.3,26.0,1006.3,1013.7,0001,1002.6,1737,1007.7,12.3,0.0,,,,,,,,,8.9,5.3,23.8,21.1,,,,,,,,,,,,,,
243,부안,2023-09-21,20.2,17.4,2359,23.3,1424,0.3,340,0.9,332,,2.6,7.0,50,0009,4.4,50,0016,1.5,1310,360,18.2,71,1429,89.0,20.9,1009.3,1014.4,2350,1003.8,0027,1010.7,12.2,0.1,,,,,,,,,6.8,3.1,23.2,16.1,,,,,,,,,,,,,,
243,부안,2023-09-22,19.4,14.3,0627,25.4,1531,,,,,,,4.7,360,1227,2.6,20,1255,0.8,654,20,15.8,46,1506,82.3,17.9,1014.6,1018.2,2256,1014.3,0001,1016.0,12.2,8.0,,,,,,,,,3.6,1.0,22.6,14.4,,,,,,,,,,,,,,
243,부안,2023-09-23,19.9,15.2,0625,26.5,1346,,,,,,,4.4,70,1039,2.7,50,1159,0.8,696,50,16.0,50,1547,80.3,18.2,1017.6,1020.4,2232,1017.8,0143,1019.1,12.2,4.1,,,,,,,,,6.9,0.1,21.6,14.5,,,,,,,,,,,,,,
243,부안,2023-09-24,21.5,14.7,0616,27.8,1508,,,,,,,5.6,90,1049,3.0,70,1043,1.4,1225,90,14.9,45,1352,68.0,17.0,1017.0,1020.4,0900,1016.6,1701,1018.4,12.1,8.5,,,,,,,,,7.0,1.4,22.7,13.5,,,,,,,,,,,,,,
243,부안,2023-09-25,21.8,18.6,0603,26.7,1500,0.3,2001,1.0,2006,,1.3,4.9,290,2029,2.3,50,1127,1.2,1002,50,17.5,55,1442,78.1,20.1,1014.2,1017.3,0001,1013.9,1522,1015.6,12.1,0.5,,,,,,,,,9.6,5.5,23.5,18.2,,,,,,,,,,,,,,
243,부안,2023-09-26,22.4,20.2,0001,26.0,1618,0.4,500,1.3,421,,2.6,5.3,270,1635,3.0,180,0821,1.4,1202,180,21.0,71,1552,92.5,24.9,1011.1,1014.6,0001,1011.3,1530,1012.5,12.0,0.8,,,,,,,,,7.1,3.9,23.6,20.9,,,,,,,,,,,,,,
243,부안,2023-09-27,22.5,21.0,2301,25.4,1306,0.7,457,0.9,446,,0.9,6.0,270,1350,3.4,270,1222,1.6,1417,270,20.2,70,1318,87.5,23.7,1011.1,1013.6,2213,1011.3,1612,1012.5,12.0,1.2,,,,,,,,,8.3,5.6,24.2,20.8,,,,,,,,,,,,,,
243,부안,2023-09-28,22.1,19.1,2337,26.2,1358,0.5,805,0.7,715,,0.9,6.2,290,1408,3.4,270,1317,1.0,866,290,19.4,61,1400,86.5,22.6,1013.4,1016.0,2325,1013.0,0108,1014.8,12.0,6.2,,,,,,,,,5.0,1.9,24.6,18.5,,,,,,,,,,,,,,
243,부안,2023-09-29,19.9,16.3,0339,24.6,1524,,,,,,,4.1,270,1630,2.2,290,1619,0.7,591,320,16.9,47,1655,84.3,19.3,1013.2,1016.8,1010,1012.3,2351,1014.6,11.9,0.9,,,,,,,,,8.3,4.9,22.8,16.8,,,,,,,,,,,,,,
243,부안,2023-09-30,19.2,15.6,0550,23.2,1424,0.9,455,3.3,455,,7.1,9.7,250,2336,3.1,290,1530,1.2,1059,290,15.6,55,1418,80.8,17.7,1011.1,1014.0,0521,1011.2,1428,1012.5,11.9,8.6,,,,,,,,,6.6,2.0,22.5,17.4,,,,,,,,,,,,,,
243,부안,2023-10-01,19.2,14.8,0701,24.4,1352,0.0,,0.0,,,0.0,8.1,360,1430,4.2,20,1554,1.2,1038,340,11.6,26,1510,66.0,13.9,1014.0,1017.9,2225,1012.4,0001,1015.4,11.8,10.3,,,,,,,,,0.8,0.5,21.3,13.8,,,,,,,,,,,,,,
243,부안,2023-10-02,18.0,12.0,0635,24.7,1334,,,,,,,7.0,20,1417,4.0,50,1323,1.1,934,50,10.5,29,1315,66.1,12.7,1016.7,1020.2,0943,1016.5,1518,1018.2,11.8,10.0,,,,,,,,,3.5,1.3,20.5,12.2,,,,,,,,,,,,,,
243,부안,2023-10-03,16.6,12.6,0520,21.6,1604,0.3,1215,0.3,,,0.3,5.8,140,1613,3.8,160,1627,0.8,703,90,13.0,59,1531,80.3,15.0,1015.9,1019.1,0942,1015.7,1617,1017.4,11.8,1.8,,,,,,,,,6.3,3.3,18.6,12.4,,,,,,,,,,,,,,
243,부안,2023-10-04,18.5,12.1,0441,23.8,1417,,,,,,,10.1,290,2153,4.1,290,2158,1.3,1136,290,13.4,50,1438,74.5,15.5,1013.6,1017.2,0010,1013.0,1533,1015.0,11.7,8.7,,,,,,,,,5.8,1.3,20.8,11.7,,,,,,,,,,,,,,
243,부안,2023-10-05,16.3,12.3,2314,19.8,1420,,,,,,,8.2,320,1611,4.0,340,1440,2.0,1703,320,5.4,34,1007,49.6,9.0,1016.0,1018.9,2227,1014.8,0015,1017.4,11.7,9.7,,,,,,,,,3.5,0.1,19.6,11.3,,,,,,,,,,,,,,
243,부안,2023-10-06,16.5,12.1,0620,20.8,1441,,,,,,,5.8,290,1413,3.0,290,1450,0.9,817,20,8.0,39,1442,58.3,10.7,1018.2,1020.9,2308,1017.9,1624,1019.7,11.7,5.6,,,,,,,,,9.3,2.4,20.1,12.5,,,,,,,,,,,,,,
243,부안,2023-10-07,17.2,12.2,0633,21.3,1439,,,,,,,3.9,50,1109,2.1,50,1117,0.6,492,70,10.8,42,1340,68.0,13.0,1020.0,1023.0,2323,1020.0,0357,1021.5,11.6,2.6,,,,,,,,,9.5,1.6,19.5,11.5,,,,,,,,,,,,,,
243,부안,2023-10-08,18.0,15.4,0634,22.1,1600,0.1,,0.2,,,0.2,4.9,50,1525,2.7,20,1208,1.2,1064,20,13.5,54,1601,76.5,15.5,1020.1,1022.9,0206,1019.9,1735,1021.6,11.6,0.5,,,,,,,,,9.3,8.0,20.2,16.1,,,,,,,,,,,,,,
243,부안,2023-10-09,17.6,14.7,0643,23.2,1332,0.0,,0.0,,,0.0,5.2,320,1355,2.9,290,1357,0.9,768,290,13.0,50,1410,75.9,15.0,1018.5,1021.4,0004,1018.5,1559,1019.9,11.6,4.1,,,,,,,,,7.0,4.8,20.6,12.8,,,,,,,,,,,,,,
243,부안,2023-10-10,17.3,13.8,0306,21.6,1323,0.0,,0.0,,,0.0,6.8,320,1359,3.3,290,1314,1.2,996,290,13.0,52,1136,77.4,15.0,1019.8,1022.7,2359,1020.0,0356,1021.2,11.5,8.8,,,,,,,,,3.3,0.1,19.6,11.7,,,,,,,,,,,,,,
243,부안,2023-10-11,17.3,11.8,0640,24.7,1337,,,,,,,5.1,320,1546,2.5,320,1447,0.8,722,110,11.9,35,1259,74.3,14.0,1022.4,1025.4,0905,1022.7,0001,1023.8,11.5,9.8,,,,,,,,,1.5,0.0,20.0,10.3,,,,,,,,,,,,,,
243,부안,2023-10-12,17.5,10.9,0642,24.5,1444,,,,,,,7.4,20,1506,2.7,70,1328,0.8,729,50,11.1,29,1350,70.4,13.3,1022.4,1026.6,0905,1021.9,1505,1023.9,11.4,9.2,,,,,,,,,5.1,0.0,20.2,9.7,,,,,,,,,,,,,,
243,부안,2023-10-13,16.9,13.1,2357,22.3,1255,,,,,,,4.4,320,1550,2.2,340,1419,0.7,591,320,12.5,50,1136,77.4,14.5,1016.5,1022.7,0001,1014.7,2347,1017.9,11.4,1.3,,,,,,,,,7.6,3.1,19.7,11.0,,,,,,,,,,,,,,
243,부안,2023-10-14,15.8,12.1,0355,22.5,1346,1.4,1553,2.5,,,2.8,9.5,270,1540,5.3,270,1546,1.3,1101,270,12.6,47,1310,82.8,14.6,1009.3,1014.7,0001,1008.7,1523,1010.8,11.4,4.0,,,,,,,,,6.6,4.6,18.7,10.5,,,,,,,,,,,,,,
243,부안,2023-10-15,16.2,12.1,0616,21.5,1252,0.0,,0.0,,,0.0,7.4,290,1306,3.8,290,1311,0.9,778,290,12.9,57,1237,82.4,14.9,1010.7,1014.4,2245,1010.1,0318,1012.1,11.3,6.8,,,,,,,,,2.6,1.9,18.3,10.6,,,,,,,,,,,,,,
243,부안,2023-10-16,15.7,10.3,2400,19.8,1127,,,,,,,7.9,290,1340,4.1,270,1053,1.5,1294,290,9.2,45,1140,67.4,11.7,1015.2,1018.3,2358,1014.2,0001,1016.6,11.3,9.2,,,,,,,,,1.8,1.0,17.9,8.1,,,,,,,,,,,,,,
243,부안,2023-10-17,13.6,7.9,0643,20.3,1257,,,,,,,5.8,320,1517,3.3,270,1324,0.8,713,290,8.3,40,1034,74.1,11.0,1018.5,1021.2,2212,1018.3,0001,1020.0,11.3,10.0,,,,,,,,,0.6,0.0,16.9,6.2,,,,,,,,,,,,,,
243,부안,2023-10-18,15.3,8.4,0639,23.7,1439,,,,,,,6.2,180,1415,3.7,200,1417,0.9,790,290,10.7,28,1335,77.5,13.0,1018.6,1022.3,0949,1018.0,1800,1020.1,11.2,9.8,,,,,,,,,3.0,0.3,17.6,6.3,,,,,,,,,,,,,,
243,부안,2023-10-19,16.9,13.2,0349,23.2,1201,0.9,1840,1.1,1836,,3.0,6.7,230,1137,4.2,200,1121,1.4,1213,160,14.5,61,1215,86.6,16.5,1015.2,1019.3,0005,1014.4,1501,1016.6,11.2,1.6,,,,,,,,,8.9,5.0,17.7,10.2,,,,,,,,,,,,,,
243,부안,2023-10-20,13.3,10.8,2358,17.8,1147,0.7,236,2.4,200,,6.9,12.5,290,1142,4.6,320,1115,2.1,1772,320,6.2,35,1152,65.0,9.7,1017.4,1021.6,2359,1015.8,0128,1018.9,11.2,7.8,,,,,,,,,6.1,3.4,15.9,9.4,,,,,,,,,,,,,,
243,부안,2023-10-21,11.7,6.6,0618,18.9,1355,0.1,,0.1,,,0.1,11.8,270,1139,5.8,270,1145,1.4,1249,290,5.6,42,1402,68.5,9.2,1020.8,1023.9,2304,1020.8,1327,1022.2,11.1,6.9,,,,,,,,,1.4,1.0,13.9,6.1,,,,,,,,,,,,,,
243,부안,2023-10-22,12.9,6.0,0700,18.4,1537,,,,,,,3.6,180,1244,2.1,160,1015,0.6,555,160,8.0,47,1157,74.6,10.9,1022.5,1025.1,0830,1022.9,1647,1024.0,11.1,5.3,,,,,,,,,6.1,0.9,14.1,5.8,,,,,,,,,,,,,,
243,부안,2023-10-23,14.6,11.2,2400,21.3,1312,,,,,,,5.8,290,1456,3.5,320,1459,0.8,719,290,10.2,43,1400,77.6,12.5,1021.7,1025.0,0827,1021.7,1651,1023.1,11.1,8.4,,,,,,,,,2.5,0.4,15.4,8.3,,,,,,,,,,,,,,
243,부안,2023-10-24,15.4,10.4,0406,21.7,1313,,,,,,,5.3,270,1423,3.0,290,1424,0.9,789,140,10.7,35,1636,75.8,12.9,1019.0,1022.5,0835,1018.3,1544,1020.5,11.0,9.2,,,,,,,,,5.3,1.3,16.0,7.8,,,,,,,,,,,,,,
243,부안,2023-10-25,16.7,11.8,0521,23.2,1427,,,,,,,4.4,290,1546,3.0,320,1548,0.8,709,110,12.9,56,1357,80.1,15.0,1016.9,1020.0,0001,1016.8,1503,1018.4,11.0,9.1,,,,,,,,,3.0,1.8,17.5,9.7,,,,,,,,,,,,,,
243,부안,2023-10-26,17.2,11.6,0519,22.6,1457,0.0,,0.0,,,0.0,8.6,270,1649,5.1,290,1649,1.1,957,270,14.2,58,1458,84.4,16.3,1014.4,1018.2,0010,1013.9,1533,1015.8,10.9,8.2,,,,,,,,,3.5,1.8,18.2,10.3,,,,,,,,,,,,,,
243,부안,2023-10-27,15.2,11.0,2337,18.8,1436,,,,,,,8.1,320,0934,4.0,290,1048,1.6,1407,290,8.7,42,1406,67.3,11.3,1014.3,1018.1,2326,1013.9,0334,1015.7,10.9,9.8,,,,,,,,,1.4,0.8,16.8,8.5,,,,,,,,,,,,,,
243,부안,2023-10-28,14.0,9.4,0612,20.6,1327,,,,,,,5.1,250,1221,2.9,290,1253,0.6,550,290,10.7,48,1304,82.4,12.9,1017.5,1020.1,2139,1017.8,0222,1018.9,10.9,7.9,,,,,,,,,1.4,0.8,15.6,6.7,,,,,,,,,,,,,,
243,부안,2023-10-29,14.2,8.7,0657,21.6,1340,,,,,,,5.3,140,1141,3.1,290,1602,0.8,731,290,10.6,44,1323,81.0,12.8,1019.9,1022.7,2151,1020.1,0001,1021.4,10.8,9.7,,,,,,,,,2.5,0.0,15.9,6.8,,,,,,,,,,,,,,
243,부안,2023-10-30,14.8,10.0,0702,21.3,1333,,,,,,,5.4,290,1545,2.9,290,1545,0.8,667,290,11.5,52,1333,83.0,13.6,1021.3,1023.9,0959,1021.4,1358,1022.8,10.8,8.9,,,,,,,,,2.4,0.0,16.0,7.4,,,,,,,,,,,,,,
243,부안,2023-10-31,14.7,9.7,0254,21.8,1325,,,,,,,5.8,290,1503,3.2,290,1531,0.9,747,140,10.8,38,1318,80.8,13.0,1021.1,1024.5,0836,1021.0,1730,1022.5,10.8,6.9,,,,,,,,,3.9,2.0,16.3,6.8,,,,,,,,,,,,,,
243,부안,2023-11-01,19.1,12.7,0441,24.7,1335,,,,,,,10.3,200,1248,5.7,200,1038,2.6,2231,200,14.7,48,1507,78.0,16.8,1017.8,1021.3,0001,1017.8,1348,1019.2,10.7,9.2,,,,,,,,,2.6,1.0,18.2,9.6,,,,,,,,,,,,,,
243,부안,2023-11-02,20.2,16.8,2236,26.7,1522,,,,,,,7.2,160,0929,4.6,180,0953,2.5,2179,180,13.8,32,1535,69.6,15.9,1016.4,1019.5,0918,1016.2,2400,1017.8,10.7,9.7,,,,,,,,,1.9,0.4,18.8,11.8,,,,,,,,,,,,,,
243,부안,2023-11-03,19.7,13.6,0705,25.5,1403,,,,,,,8.5,290,1503,5.2,270,1511,1.8,1576,160,16.0,49,1432,81.0,18.3,1015.0,1017.6,2348,1014.7,1415,1016.5,10.7,9.0,,,,,,,,,5.0,2.0,19.5,10.6,,,,,,,,,,,,,,
243,부안,2023-11-04,19.6,17.5,0028,22.8,1327,,,,,,3.4,4.1,160,1039,2.5,160,1015,0.8,708,20,17.6,71,1332,89.0,20.1,1018.2,1021.0,2212,1017.5,0005,1019.6,10.7,0.8,,,,,,,,,7.6,3.3,19.8,15.6,,,,,,,,,,,,,,
243,부안,2023-11-05,20.5,17.3,0509,26.0,1208,,,,,,11.8,12.5,160,2302,8.0,180,2304,3.0,2592,160,17.1,53,1209,82.6,19.5,1013.8,1020.7,0207,1007.0,2338,1015.2,10.6,2.2,,,,,,,,,9.1,7.0,18.8,15.8,,,,,,,,,,,,,,
243,부안,2023-11-06,16.4,12.1,2326,22.9,0042,,,,,,19.3,15.7,180,0314,8.7,180,0318,5.7,4910,270,9.6,38,2346,66.0,13.1,1009.4,1017.6,2305,1003.0,0340,1010.9,10.6,2.3,,,,,,,,,7.8,4.8,16.7,9.4,,,,,,,,,,,,,,
243,부안,2023-11-07,10.1,4.8,2352,13.5,1150,,,,,,0.4,12.6,270,0021,6.9,270,0004,2.1,1854,320,3.8,38,0028,65.8,8.0,1020.6,1024.3,1908,1017.4,0001,1022.1,10.6,5.8,,,,,,,,,4.3,3.8,12.3,4.0,,,,,,,,,,,,,,
243,부안,2023-11-08,8.3,2.0,0609,16.4,1410,,,,,,,5.0,290,1426,3.1,290,1506,0.7,606,90,2.6,34,1344,70.5,7.4,1020.9,1024.3,0936,1020.9,1245,1022.4,10.5,8.9,,,,,,,,,2.3,0.1,10.4,2.2,,,,,,,,,,,,,,
243,부안,2023-11-09,13.7,6.4,0416,20.4,1352,,,,,,29.5,6.4,290,2241,3.4,290,2200,1.2,1003,160,10.7,63,1346,82.9,13.2,1018.4,1022.0,0001,1017.4,1708,1019.9,10.5,0.3,,,,,,,,,7.9,6.1,13.2,2.3,,,,,,,,,,,,,,
243,부안,2023-11-10,7.4,1.9,2311,13.2,0001,,,,,,0.5,9.4,320,1435,4.6,320,1426,1.9,1611,340,0.0,38,1623,60.1,6.3,1024.1,1029.1,2240,1020.7,0001,1025.6,10.5,8.9,,,,,,,,,4.5,1.1,9.9,-1.4,,,,,,,,,,,,,,
243,부안,2023-11-11,4.3,0.0,0700,8.2,1436,,,,,,,5.9,320,1510,2.8,320,1310,1.4,1198,20,-1.7,45,1440,65.3,5.4,1027.4,1030.9,1026,1027.9,1429,1028.9,10.4,4.1,,,,,,,,,5.0,3.6,6.9,-2.1,,,,,,,,,,,,,,
243,부안,2023-11-12,4.5,1.9,0720,6.8,1404,,,,,,0.7,5.7,70,2218,2.3,70,0932,0.9,740,20,0.6,56,1010,76.4,6.4,1026.4,1029.3,0259,1026.5,1430,1027.9,10.4,1.2,,,,,,,,,9.0,7.9,6.9,-1.0,,,,,,,,,,,,,,
243,부안,2023-11-13,5.5,0.1,0705,9.5,1310,,,,,,0.1,7.8,340,1448,3.5,340,1500,1.2,1074,20,-0.2,49,1200,67.6,6.0,1027.3,1030.7,0931,1027.7,0331,1028.8,10.4,7.0,,,,,,,,,4.9,4.3,7.9,-2.7,,,,,,,,,,,,,,
243,부안,2023-11-14,7.7,4.1,0044,11.4,1255,,,,,,,3.5,140,0934,2.2,110,1016,0.6,498,290,2.9,53,1302,73.1,7.6,1025.7,1029.0,0003,1025.8,1539,1027.2,10.3,2.8,,,,,,,,,6.9,6.1,8.8,0.4,,,,,,,,,,,,,,
243,부안,2023-11-15,8.4,4.6,0134,14.3,1324,,,,,,,5.8,340,1512,2.8,290,1452,0.8,695,70,3.7,43,1310,75.1,8.0,1026.4,1029.6,0937,1026.8,0001,1027.9,10.3,8.0,,,,,,,,,4.4,2.1,9.6,-0.8,,,,,,,,,,,,,,
243,부안,2023-11-16,7.4,5.0,0001,9.3,1319,,,,,,18.6,7.5,290,2353,3.5,180,1110,1.0,831,160,5.8,72,1053,90.4,9.3,1018.9,1026.9,0001,1017.2,2321,1020.4,10.3,0.0,,,,,,,,,8.4,2.8,7.7,0.3,,,,,,,,,,,,,,
243,부안,2023-11-17,4.8,2.7,2326,8.3,0246,,,,,,16.1,11.9,320,0158,4.6,320,2126,2.0,1704,340,1.6,52,1011,80.1,6.9,1014.2,1017.7,0002,1013.2,1310,1015.7,10.3,1.4,,,,,,,,,8.0,6.8,6.4,-0.4,,,,,,,,,,,,,,
243,부안,2023-11-18,5.0,-0.6,0320,8.9,1433,,,,,,2.8,14.4,270,0155,6.8,290,0201,2.5,2131,290,-0.3,53,0707,69.5,6.0,1018.5,1021.9,2313,1013.9,0102,1020.0,10.2,0.5,,,,,,,,,7.8,6.8,4.5,-0.1,,,,,,,,,,,,,,
243,부안,2023-11-19,9.3,1.9,0447,15.1,1433,,,,,,,8.1,250,1448,4.1,270,1448,1.6,1349,250,4.7,59,1157,74.3,8.6,1017.7,1021.8,0001,1016.6,1553,1019.2,10.2,3.9,,,,,,,,,4.4,2.9,7.5,-2.1,,,,,,,,,,,,,,
243,부안,2023-11-20,6.6,2.0,0654,13.0,1401,,,,,,,4.8,290,1602,2.8,270,1631,0.8,677,20,2.1,39,1240,75.8,7.1,1022.5,1025.6,1035,1020.8,0001,1024.0,10.2,8.5,,,,,,,,,0.0,0.0,7.6,-3.3,,,,,,,,,,,,,,
243,부안,2023-11-21,6.7,0.3,0657,14.5,1341,,,,,,,4.3,290,1351,2.8,290,1407,0.7,598,290,3.1,47,1251,80.9,7.7,1020.5,1024.3,0001,1020.2,1448,1022.0,10.2,8.5,,,,,,,,,0.0,0.0,7.2,-4.5,,,,,,,,,,,,,,
243,부안,2023-11-22,10.7,2.0,0538,17.6,1526,,,,,,,5.3,160,1127,3.3,160,1136,1.0,887,180,7.3,58,1425,81.3,10.4,1015.5,1020.7,0210,1013.7,2356,1017.0,10.1,8.1,,,,,,,,,2.6,0.4,9.6,-2.8,,,,,,,,,,,,,,
243,부안,2023-11-23,12.9,7.0,2246,17.1,1216,,,,,,0.0,11.1,320,2124,4.8,290,1834,2.2,1907,290,8.1,59,1535,73.5,11.1,1014.0,1021.5,2400,1012.7,1145,1015.5,10.1,6.9,,,,,,,,,3.6,2.9,12.2,5.0,,,,,,,,,,,,,,
243,부안,2023-11-24,3.4,-0.1,2358,7.5,0001,,,,,,0.2,9.9,320,0030,3.8,20,0727,2.3,2016,20,-2.8,50,0510,63.6,5.0,1027.6,1033.3,2353,1021.4,0028,1029.2,10.1,1.0,,,,,,,,,7.3,6.1,6.1,-2.3,,,,,,,,,,,,,,
243,부안,2023-11-25,0.5,-2.5,0708,4.8,1430,,,,,,,6.9,50,1207,3.4,50,0935,1.5,1314,50,-8.2,24,1209,54.8,3.4,1031.1,1035.5,0949,1030.4,2335,1032.7,10.1,8.3,,,,,,,,,1.3,1.0,3.1,-5.1,,,,,,,,,,,,,,
243,부안,2023-11-26,3.6,-1.7,0029,7.5,1530,,,,,,0.3,2.6,50,1024,1.6,50,1046,0.5,435,160,-3.2,31,1250,63.1,5.0,1023.5,1030.6,0007,1019.9,2351,1025.1,10.0,2.5,,,,,,,,,8.6,6.1,4.6,-5.2,,,,,,,,,,,,,,
243,부안,2023-11-27,8.9,5.0,0001,13.7,1349,,,,,,0.9,8.1,250,1202,4.5,200,1116,1.3,1142,290,5.8,68,2358,81.8,9.3,1014.3,1020.0,0001,1013.7,1454,1015.8,10.0,0.3,,,,,,,,,7.5,6.0,8.3,2.6,,,,,,,,,,,,,,
243,부안,2023-11-28,5.8,1.7,2205,9.3,0001,,,,,,,7.3,320,0418,3.3,290,0436,1.6,1344,290,-0.4,46,0958,66.1,6.0,1020.6,1024.3,2400,1017.5,0136,1022.1,10.0,4.7,,,,,,,,,5.9,5.1,6.3,-2.6,,,,,,,,,,,,,,
243,부안,2023-11-29,4.9,1.2,0720,9.1,1420,,,,,,0.1,10.7,320,1920,4.8,320,1917,1.7,1494,50,-0.3,51,1441,70.8,6.0,1023.9,1028.0,2308,1023.5,1410,1025.4,10.0,1.0,,,,,,,,,8.5,6.9,5.7,-1.9,,,,,,,,,,,,,,
243,부안,2023-11-30,0.7,-1.4,0816,3.8,0001,,,,,,0.0,7.4,20,0628,3.4,20,0417,2.1,1795,20,-5.5,47,1040,63.6,4.1,1027.7,1031.9,1001,1027.8,2346,1029.3,10.0,3.7,,,,,,,,,8.4,7.8,3.6,-1.2,,,,,,,,,,,,,,
243,부안,2023-12-01,1.0,-1.3,0726,4.0,1415,,,,,,0.8,6.5,340,1341,3.2,320,1343,1.1,982,20,-3.3,57,1233,73.6,4.8,1025.5,1028.0,1040,1026.1,0536,1027.1,9.9,2.9,,,,,,,,,7.9,7.3,3.5,-2.6,,,,,,,,,,,,,,
243,부안,2023-12-02,5.3,0.0,0521,8.9,1449,,,,,,0.0,5.8,200,1525,3.7,180,1530,1.5,1279,180,0.0,53,1426,69.0,6.1,1024.6,1027.9,0001,1024.1,1853,1026.1,9.9,0.1,,,,,,,,,8.4,6.5,5.4,-3.6,,,,,,,,,,,,,,
243,부안,2023-12-03,4.0,-0.9,2358,7.9,1439,,,,,,0.0,6.3,290,1448,3.1,290,1458,1.0,828,290,-1.2,50,1000,70.1,5.6,1025.5,1029.0,1058,1025.0,0229,1027.0,9.9,7.1,,,,,,,,,2.9,1.9,4.9,-6.9,,,,,,,,,,,,,,
243,부안,2023-12-04,3.1,-3.1,0611,9.6,1415,,,,,,,4.7,320,1258,1.9,290,1259,0.6,514,110,-1.2,51,1237,75.3,5.6,1021.0,1026.6,0001,1020.0,1518,1022.5,9.9,7.3,,,,,,,,,3.9,0.1,3.5,-8.4,,,,,,,,,,,,,,
243,부안,2023-12-05,5.8,-0.3,0437,13.6,1407,,,,,,,3.7,20,1405,2.4,50,1412,0.7,614,50,0.2,37,1138,70.0,6.3,1016.1,1020.2,0001,1016.0,1417,1017.6,9.9,6.4,,,,,,,,,3.9,0.8,4.8,-4.8,,,,,,,,,,,,,,
243,부안,2023-12-06,9.1,3.3,0103,14.7,1407,,,,,,1.5,10.5,250,1733,6.3,270,1741,2.5,2156,290,4.8,58,2400,75.4,8.8,1010.5,1016.4,0001,1006.6,1614,1012.0,9.9,0.5,,,,,,,,,6.4,0.8,6.6,-2.1,,,,,,,,,,,,,,
243,부안,2023-12-07,8.0,1.6,0716,13.0,1341,,,,,,,8.4,320,0008,4.3,290,0013,1.9,1630,180,0.0,39,1337,58.0,6.2,1015.2,1017.9,0955,1014.0,0001,1016.7,9.8,7.9,,,,,,,,,0.0,0.0,6.3,-3.8,,,,,,,,,,,,,,
243,부안,2023-12-08,14.5,8.2,0008,19.9,1403,,,,,,,12.8,200,1537,7.7,200,1542,4.3,3693,200,8.0,46,1503,66.0,10.9,1013.3,1016.8,0001,1012.4,1431,1014.8,9.8,8.0,,,,,,,,,2.5,0.0,11.0,5.0,,,,,,,,,,,,,,
243,부안,2023-12-09,15.1,11.3,2114,19.7,1438,,,,,,,10.5,180,0056,6.0,180,0058,2.5,2126,180,11.8,59,1403,81.9,13.9,1016.6,1021.1,2341,1014.5,0116,1018.0,9.8,7.4,,,,,,,,,6.1,1.5,13.1,6.1,,,,,,,,,,,,,,
243,부안,2023-12-10,13.1,10.7,2355,17.4,1440,,,,,,0.4,4.5,290,2222,2.7,290,2223,0.9,742,290,11.8,73,1444,92.3,13.9,1020.2,1023.7,1012,1020.3,1344,1021.7,9.8,0.2,,,,,,,,,9.1,7.0,13.5,10.3,,,,,,,,,,,,,,
243,부안,2023-12-11,12.1,10.4,0030,13.3,1520,,,,,,31.5,7.4,50,1328,4.4,70,1407,2.2,1870,50,11.4,77,0822,95.6,13.5,1012.4,1022.0,0001,1008.5,1614,1013.9,9.8,0.0,,,,,,,,,7.3,3.8,11.7,9.2,,,,,,,,,,,,,,
243,부안,2023-12-12,8.8,7.1,0953,12.1,0001,,,,,,0.3,5.1,320,0312,3.3,50,0653,1.0,890,360,7.7,85,1637,93.4,10.5,1018.1,1026.0,2324,1011.6,0015,1019.6,9.8,0.1,,,,,,,,,7.3,7.3,10.4,7.9,,,,,,,,,,,,,,
243,부안,2023-12-13,10.3,6.0,0736,14.4,1431,,,,,,,3.5,70,1829,2.2,110,1252,0.8,716,90,7.4,62,1506,83.3,10.3,1025.4,1028.4,1047,1026.0,0001,1026.9,9.8,1.3,,,,,,,,,8.0,6.0,11.0,1.9,,,,,,,,,,,,,,
243,부안,2023-12-14,12.0,10.8,0005,12.8,2335,,,,,,17.6,5.5,90,1553,3.1,140,1144,2.0,1752,90,9.3,66,0914,84.8,11.8,1019.0,1026.4,0003,1014.5,2357,1020.5,9.8,0.0,,,,,,,,,8.9,6.6,10.7,9.2,,,,,,,,,,,,,,
243,부안,2023-12-15,10.6,6.5,2317,15.8,0543,,,,,,47.0,10.5,290,0603,6.2,270,0610,2.7,2316,290,9.8,85,1623,95.1,12.5,1011.8,1018.5,2342,1009.2,0543,1013.3,9.8,0.0,,,,,,,,,9.9,7.3,11.2,6.1,,,,,,,,,,,,,,
243,부안,2023-12-16,0.7,-2.0,2053,6.5,0001,,,,,,2.3,13.9,290,1914,7.0,290,1046,4.1,3559,290,-2.8,49,2244,77.5,5.1,1022.7,1029.5,2333,1018.0,0001,1024.2,9.8,0.1,,,,,,,,,9.3,6.6,2.9,-3.1,,,,,,,,,,,,,,
243,부안,2023-12-17,-5.6,-7.6,0759,-1.1,0010,,,,,,3.8,11.5,320,0054,4.6,340,0104,2.2,1873,70,-9.4,56,0009,74.9,3.0,1032.5,1036.3,2303,1029.2,0007,1034.1,9.8,4.4,,,,,,,,,6.9,5.3,1.2,-3.4,,,,,,,,,,,,,,
243,부안,2023-12-18,-3.5,-7.2,0657,-0.7,1354,,,,,,,6.4,50,1221,3.7,70,1244,1.6,1345,20,-9.2,53,1302,65.3,3.1,1033.0,1037.2,0303,1032.4,1523,1034.6,9.8,2.0,,,,,,,,,9.1,2.8,-0.1,-2.4,,,,,,,,,,,,,,
243,부안,2023-12-19,-0.7,-4.6,0729,2.4,2331,,,,,,1.9,4.0,320,2333,2.0,50,0159,0.9,801,50,-4.9,54,1508,73.5,4.4,1026.7,1032.6,0001,1025.9,2356,1028.3,9.7,0.1,,,,,,,,,9.3,6.5,1.1,-4.4,,,,,,,,,,,,,,
243,부안,2023-12-20,-2.9,-6.7,2350,2.0,0041,,,,,,13.7,9.9,290,0609,4.9,290,0644,1.6,1418,20,-4.6,59,0630,88.4,4.4,1026.2,1029.0,2253,1025.8,0029,1027.8,9.8,0.0,,,,,,,,,8.9,7.1,0.8,-2.1,,,,,,,,,,,,,,
243,부안,2023-12-21,-7.5,-9.1,0552,-6.3,1355,,,,,,6.6,3.8,70,0021,2.2,70,0022,1.0,832,110,-9.4,73,1328,86.0,3.0,1029.0,1033.3,2213,1027.7,0143,1030.6,9.7,0.7,,,,,,,,,7.3,5.6,0.5,0.6,,,,,,,,,,,,,,
243,부안,2023-12-22,-7.5,-11.5,0705,-4.6,1510,,,,,,1.6,5.0,70,1130,2.9,70,1235,1.0,890,70,-11.1,57,1358,76.0,2.6,1035.1,1039.2,2330,1032.4,0014,1036.7,9.8,4.3,,,,,,,,,4.1,3.1,0.2,0.5,,,,,,,,,,,,,,
243,부안,2023-12-23,-5.3,-11.4,0431,0.7,1507,,,,,,,4.6,90,1252,2.2,110,1216,0.6,527,250,-8.5,53,1422,79.5,3.3,1035.3,1039.2,0253,1033.6,2358,1036.9,9.7,7.6,,,,,,,,,5.6,1.6,-2.3,0.4,,,,,,,,,,,,,,
243,부안,2023-12-24,-0.7,-4.5,0002,3.4,1503,,,,,,3.0,3.5,200,1229,2.4,200,1235,0.7,614,110,-2.3,65,1448,88.6,5.2,1029.7,1033.6,0001,1029.6,2312,1031.2,9.8,3.0,,,,,,,,,7.4,5.3,1.8,0.4,,,,,,,,,,,,,,
243,부안,2023-12-25,1.2,-2.5,0040,5.2,1406,,,,,,0.0,5.3,290,1150,2.6,270,1150,0.7,630,290,-1.3,53,1142,84.1,5.6,1028.4,1031.2,1010,1028.7,0446,1030.0,9.7,2.4,,,,,,,,,8.5,7.9,2.4,0.3,,,,,,,,,,,,,,
243,부안,2023-12-26,3.3,0.4,0628,7.6,1401,,,,,,,2.3,160,1139,1.3,160,1147,0.4,311,110,0.3,59,1356,81.3,6.3,1028.8,1031.6,2352,1029.2,0533,1030.3,9.8,1.7,,,,,,,,,8.3,7.0,4.5,0.1,,,,,,,,,,,,,,
243,부안,2023-12-27,3.0,0.0,2347,8.7,1427,,,,,,,3.3,320,1530,2.1,290,1527,0.6,544,320,0.7,59,1333,86.1,6.4,1029.0,1032.2,0947,1029.6,2359,1030.6,9.8,6.7,,,,,,,,,4.5,1.3,4.4,-3.9,,,,,,,,,,,,,,
243,부안,2023-12-28,2.1,-1.6,0714,7.4,1349,,,,,,,5.3,110,1303,2.5,320,1519,0.6,502,320,0.2,63,1352,88.1,6.2,1027.6,1030.1,1034,1028.2,1556,1029.2,9.8,7.4,,,,,,,,,2.6,1.0,3.4,-5.1,,,,,,,,,,,,,,
243,부안,2023-12-29,2.1,-1.8,0746,7.8,1409,,,,,,,4.4,320,1453,2.6,290,1454,0.5,399,290,-0.1,58,1334,86.5,6.1,1025.7,1030.0,0249,1024.9,2359,1027.3,9.8,1.2,,,,,,,,,4.3,3.0,3.1,-5.5,,,,,,,,,,,,,,
243,부안,2023-12-30,2.9,-1.7,0510,8.8,2340,,,,,,1.1,4.5,90,1509,2.7,90,1524,0.9,782,110,1.8,73,1333,92.4,7.1,1016.1,1025.1,0033,1012.0,2251,1017.7,9.8,0.3,,,,,,,,,7.8,6.1,2.7,-5.0,,,,,,,,,,,,,,
243,부안,2023-12-31,6.1,4.2,2400,9.5,0030,,,,,,3.1,12.1,270,0911,5.4,290,0923,2.5,2141,290,3.3,74,1508,82.4,7.8,1017.8,1026.4,2352,1011.8,0144,1019.3,9.8,0.0,,,,,,,,,9.5,8.5,5.9,3.4,,,,,,,,,,,,,,
